Sample Name,Identifier,Index,Plate,Well,Plate Barcode 1,Plate Barcode 2,Well Barcode,Common Name,Location,Sample Date,Source,Genus,Species,Other,Total Reads,Aligned Reads,Deduped Aligned Reads,Bam,AlignedReads,PercentAligned,DedupReads
22-0074,22-0074_A1,1,Plate 1,A1,TTAACT,TCCTACCT,ACAAGCTA,larval smelt,Russian River,1/26/22,Colin Brennan-ICF,NA,NA,NA,NA,NA,NA,22-0074_A1.sort.flt.bam,136294,90.12,70763
22-0102,22-0102_B1,2,Plate 1,B1,TTAACT,TCCTACCT,AAACATCG,larval smelt,Russian River,2/3/22,Colin Brennan-ICF,NA,NA,NA,NA,NA,NA,22-0102_B1.sort.flt.bam,8284843,91.3,2634393
19-0222,19-0222_C1,3,Plate 1,C1,TTAACT,TCCTACCT,ACATTGGC,larval smelt,Eureka Slough,4/9/19,Colin Brennan-ICF,NA,NA,NA,NA,NA,NA,19-0222_C1.sort.flt.bam,5966661,90.93,2098779
19-0222,19-0222_D1,4,Plate 1,D1,TTAACT,TCCTACCT,ACCACTGT,larval smelt,Eureka Slough,4/9/19,Colin Brennan-ICF,NA,NA,NA,NA,NA,NA,19-0222_D1.sort.flt.bam,65981,82.69,32491
19-0222,19-0222_E1,5,Plate 1,E1,TTAACT,TCCTACCT,AACGTGAT,larval smelt,Eureka Slough,4/9/19,Colin Brennan-ICF,NA,NA,NA,NA,NA,NA,19-0222_E1.sort.flt.bam,142596,82.03,65829
19-0222,19-0222_F1,6,Plate 1,F1,TTAACT,TCCTACCT,CGCTGATC,larval smelt,Eureka Slough,4/9/19,Colin Brennan-ICF,NA,NA,NA,NA,NA,NA,19-0222_F1.sort.flt.bam,346529,86.46,143800
19-0222,19-0222_G1,7,Plate 1,G1,TTAACT,TCCTACCT,CAGATCTG,larval smelt,Eureka Slough,4/9/19,Colin Brennan-ICF,NA,NA,NA,NA,NA,NA,19-0222_G1.sort.flt.bam,9258253,91.26,3958981
20-1325,20-1325_H1,8,Plate 1,H1,TTAACT,TCCTACCT,ATGCCTAA,larval smelt,Eel River,1/15/20,Colin Brennan-ICF,NA,NA,NA,NA,NA,NA,20-1325_H1.sort.flt.bam,4088719,90.82,1917563
20-1325,20-1325_A2,9,Plate 1,A2,TTAACT,TCCTACCT,AACGAACG,larval smelt,Eel River,1/15/20,Colin Brennan-ICF,NA,NA,NA,NA,NA,NA,20-1325_A2.sort.flt.bam,1993023,92.73,607263
20-1325,20-1325_B2,10,Plate 1,B2,TTAACT,TCCTACCT,AGTACAAG,larval smelt,Eel River,1/15/20,Colin Brennan-ICF,NA,NA,NA,NA,NA,NA,20-1325_B2.sort.flt.bam,4602050,92.12,1298061
20-1325,20-1325_C2,11,Plate 1,C2,TTAACT,TCCTACCT,CATCAAGT,larval smelt,Eel River,1/15/20,Colin Brennan-ICF,NA,NA,NA,NA,NA,NA,20-1325_C2.sort.flt.bam,2838244,91.49,1087785
20-1325,20-1325_D2,12,Plate 1,D2,TTAACT,TCCTACCT,AGTGGTCA,larval smelt,Eel River,1/15/20,Colin Brennan-ICF,NA,NA,NA,NA,NA,NA,20-1325_D2.sort.flt.bam,2399895,91.05,937771
20-1291,20-1291_E2,13,Plate 1,E2,TTAACT,TCCTACCT,AACAACCA,larval smelt,Klamath River,1/13/20,Colin Brennan-ICF,NA,NA,NA,NA,NA,NA,20-1291_E2.sort.flt.bam,2259,51.75,1513
20-1325,20-1325_F2,14,Plate 1,F2,TTAACT,TCCTACCT,AACCGAGA,larval smelt,Eel River,1/15/20,Colin Brennan-ICF,NA,NA,NA,NA,NA,NA,20-1325_F2.sort.flt.bam,4854651,90.68,1732087
20-1325,20-1325_G2,15,Plate 1,G2,TTAACT,TCCTACCT,AACGCTTA,larval smelt,Eel River,1/15/20,Colin Brennan-ICF,NA,NA,NA,NA,NA,NA,20-1325_G2.sort.flt.bam,7200794,90.9,2435876
20-1325,20-1325_H2,16,Plate 1,H2,TTAACT,TCCTACCT,AAGACGGA,larval smelt,Eel River,1/15/20,Colin Brennan-ICF,NA,NA,NA,NA,NA,NA,20-1325_H2.sort.flt.bam,6762,43.16,3792
20-1325,20-1325_A3,17,Plate 1,A3,TTAACT,TCCTACCT,AAGGTACA,larval smelt,Eel River,1/15/20,Colin Brennan-ICF,NA,NA,NA,NA,NA,NA,20-1325_A3.sort.flt.bam,37885,65.81,19166
20-1325,20-1325_B3,18,Plate 1,B3,TTAACT,TCCTACCT,ACACAGAA,larval smelt,Eel River,1/15/20,Colin Brennan-ICF,NA,NA,NA,NA,NA,NA,20-1325_B3.sort.flt.bam,70410,56.81,33830
20-1325,20-1325_C3,19,Plate 1,C3,TTAACT,TCCTACCT,ACAGCAGA,larval smelt,Eel River,1/15/20,Colin Brennan-ICF,NA,NA,NA,NA,NA,NA,20-1325_C3.sort.flt.bam,5190355,91.45,2446732
20-1325,20-1325_D3,20,Plate 1,D3,TTAACT,TCCTACCT,ACCTCCAA,larval smelt,Eel River,1/15/20,Colin Brennan-ICF,NA,NA,NA,NA,NA,NA,20-1325_D3.sort.flt.bam,7039133,91.05,2372979
20-1325,20-1325_E3,21,Plate 1,E3,TTAACT,TCCTACCT,ACGCTCGA,larval smelt,Eel River,1/15/20,Colin Brennan-ICF,NA,NA,NA,NA,NA,NA,20-1325_E3.sort.flt.bam,2596279,93.17,812488
20-1325,20-1325_F3,22,Plate 1,F3,TTAACT,TCCTACCT,ACGTATCA,larval smelt,Eel River,1/15/20,Colin Brennan-ICF,NA,NA,NA,NA,NA,NA,20-1325_F3.sort.flt.bam,3409067,92.69,1018521
20-1356,20-1356_G3,23,Plate 1,G3,TTAACT,TCCTACCT,ACTATGCA,larval smelt,Mad River,1/28/20,Colin Brennan-ICF,NA,NA,NA,NA,NA,NA,20-1356_G3.sort.flt.bam,3806336,91.35,1422974
NS-1,NS-1_H3,24,Plate 1,H3,TTAACT,TCCTACCT,AGAGTCAA,night smelt,Groundfish Project,5/18/22,Connor Stewart - CDFW,NA,NA,NA,NA,NA,NA,NS-1_H3.sort.flt.bam,6030306,90.61,2083659
NS-2,NS-2_A4,25,Plate 1,A4,TTAACT,TCCTACCT,AGATCGCA,night smelt,Groundfish Project,5/18/22,Connor Stewart - CDFW,NA,NA,NA,NA,NA,NA,NS-2_A4.sort.flt.bam,422437,91.96,196341
NS-3,NS-3_B4,26,Plate 1,B4,TTAACT,TCCTACCT,AGCAGGAA,night smelt,Groundfish Project,5/18/22,Connor Stewart - CDFW,NA,NA,NA,NA,NA,NA,NS-3_B4.sort.flt.bam,5854369,90.48,2030692
NS-4,NS-4_C4,27,Plate 1,C4,TTAACT,TCCTACCT,AGTCACTA,night smelt,Groundfish Project,5/18/22,Connor Stewart - CDFW,NA,NA,NA,NA,NA,NA,NS-4_C4.sort.flt.bam,6663412,90.77,2282994
NS-5,NS-5_D4,28,Plate 1,D4,TTAACT,TCCTACCT,ATCCTGTA,night smelt,Groundfish Project,5/18/22,Connor Stewart - CDFW,NA,NA,NA,NA,NA,NA,NS-5_D4.sort.flt.bam,29614,73.5,15361
NS-6,NS-6_E4,29,Plate 1,E4,TTAACT,TCCTACCT,ATTGAGGA,night smelt,Groundfish Project,5/18/22,Connor Stewart - CDFW,NA,NA,NA,NA,NA,NA,NS-6_E4.sort.flt.bam,29787,82.45,15420
NS-7,NS-7_F4,30,Plate 1,F4,TTAACT,TCCTACCT,CAACCACA,night smelt,Groundfish Project,5/18/22,Connor Stewart - CDFW,NA,NA,NA,NA,NA,NA,NS-7_F4.sort.flt.bam,94692,88.56,44718
NS-8,NS-8_G4,31,Plate 1,G4,TTAACT,TCCTACCT,CAAGACTA,night smelt,Groundfish Project,5/18/22,Connor Stewart - CDFW,NA,NA,NA,NA,NA,NA,NS-8_G4.sort.flt.bam,5078866,90.73,1745234
NS-9,NS-9_H4,32,Plate 1,H4,TTAACT,TCCTACCT,CAATGGAA,night smelt,Groundfish Project,5/18/22,Connor Stewart - CDFW,NA,NA,NA,NA,NA,NA,NS-9_H4.sort.flt.bam,2732131,92.95,822459
NS-10,NS-10_A5,33,Plate 1,A5,TTAACT,TCCTACCT,CACTTCGA,night smelt,Groundfish Project,5/18/22,Connor Stewart - CDFW,NA,NA,NA,NA,NA,NA,NS-10_A5.sort.flt.bam,2640697,92.7,807744
NS-11,NS-11_B5,34,Plate 1,B5,TTAACT,TCCTACCT,CAGCGTTA,night smelt,Groundfish Project,5/18/22,Connor Stewart - CDFW,NA,NA,NA,NA,NA,NA,NS-11_B5.sort.flt.bam,2525697,92.53,795350
NS-12,NS-12_C5,35,Plate 1,C5,TTAACT,TCCTACCT,CATACCAA,night smelt,Groundfish Project,5/18/22,Connor Stewart - CDFW,NA,NA,NA,NA,NA,NA,NS-12_C5.sort.flt.bam,2505256,91.34,970276
NS-13,NS-13_D5,36,Plate 1,D5,TTAACT,TCCTACCT,CCAGTTCA,night smelt,Groundfish Project,5/18/22,Connor Stewart - CDFW,NA,NA,NA,NA,NA,NA,NS-13_D5.sort.flt.bam,8066681,90.94,2713362
NS-14,NS-14_E5,37,Plate 1,E5,TTAACT,TCCTACCT,CCGAAGTA,night smelt,Groundfish Project,5/18/22,Connor Stewart - CDFW,NA,NA,NA,NA,NA,NA,NS-14_E5.sort.flt.bam,414034,91.73,196214
NS-15,NS-15_F5,38,Plate 1,F5,TTAACT,TCCTACCT,CCGTGAGA,night smelt,Groundfish Project,5/18/22,Connor Stewart - CDFW,NA,NA,NA,NA,NA,NA,NS-15_F5.sort.flt.bam,5762959,90.92,2005057
NS-16,NS-16_G5,39,Plate 1,G5,TTAACT,TCCTACCT,CCTCCTGA,night smelt,Groundfish Project,5/18/22,Connor Stewart - CDFW,NA,NA,NA,NA,NA,NA,NS-16_G5.sort.flt.bam,4379890,90.97,1601825
NS-17,NS-17_H5,40,Plate 1,H5,TTAACT,TCCTACCT,CGAACTTA,night smelt,Groundfish Project,5/18/22,Connor Stewart - CDFW,NA,NA,NA,NA,NA,NA,NS-17_H5.sort.flt.bam,84215,84.82,38766
NS-18,NS-18_A6,41,Plate 1,A6,TTAACT,TCCTACCT,CGACTGGA,night smelt,Groundfish Project,5/18/22,Connor Stewart - CDFW,NA,NA,NA,NA,NA,NA,NS-18_A6.sort.flt.bam,110779,75.72,51341
NS-19,NS-19_B6,42,Plate 1,B6,TTAACT,TCCTACCT,CGCATACA,night smelt,Groundfish Project,5/18/22,Connor Stewart - CDFW,NA,NA,NA,NA,NA,NA,NS-19_B6.sort.flt.bam,2794688,90.4,1064595
NS-20,NS-20_C6,43,Plate 1,C6,TTAACT,TCCTACCT,CTCAATGA,night smelt,Groundfish Project,5/18/22,Connor Stewart - CDFW,NA,NA,NA,NA,NA,NA,NS-20_C6.sort.flt.bam,5327391,90.68,1789419
150967,150967_D6,44,Plate 1,D6,TTAACT,TCCTACCT,CTGAGCCA,whitebait smelt,Eastern North Pacific,NA,UWFC,Allosmerus,elongatus,NA,NA,NA,NA,150967_D6.sort.flt.bam,1757761,92.99,563231
156388,156388_E6,45,Plate 1,E6,TTAACT,TCCTACCT,CTGGCATA,whitebait smelt,Eastern North Pacific,NA,UWFC,Allosmerus,elongatus,NA,NA,NA,NA,156388_E6.sort.flt.bam,2262698,91.87,699679
151184,151184_F6,46,Plate 1,F6,TTAACT,TCCTACCT,GAATCTGA,surf smelt,Eastern North Pacific,NA,UWFC,Hypomesus,pretiosus,NA,NA,NA,NA,151184_F6.sort.flt.bam,2388689,93,692906
155858,155858_G6,47,Plate 1,G6,TTAACT,TCCTACCT,GACTAGTA,surf smelt,Eastern North Pacific,NA,UWFC,Hypomesus,pretiosus,NA,NA,NA,NA,155858_G6.sort.flt.bam,5635634,91.09,1982404
156301,156301_H6,48,Plate 1,H6,TTAACT,TCCTACCT,GAGCTGAA,eulachon,Eastern North Pacific,NA,UWFC,Thaleichthys,pacificus,NA,NA,NA,NA,156301_H6.sort.flt.bam,2924396,90.83,1108742
155882,155882_A7,49,Plate 1,A7,TTAACT,TCCTACCT,GATAGACA,surf smelt,Eastern North Pacific,NA,UWFC,Hypomesus,pretiosus,NA,NA,NA,NA,155882_A7.sort.flt.bam,35493,88.81,19794
156014,156014_B7,50,Plate 1,B7,TTAACT,TCCTACCT,GCCACATA,surf smelt,Eastern North Pacific,NA,UWFC,Hypomesus,pretiosus,NA,NA,NA,NA,156014_B7.sort.flt.bam,539060,90.62,248048
150968,150968_C7,51,Plate 1,C7,TTAACT,TCCTACCT,GCGAGTAA,night smelt,Eastern North Pacific,NA,UWFC,Spirinchus,starksi,NA,NA,NA,NA,150968_C7.sort.flt.bam,3400209,91.39,1199006
156400,156400_D7,52,Plate 1,D7,TTAACT,TCCTACCT,GCTAACGA,night smelt,Eastern North Pacific,NA,UWFC,Spirinchus,starksi,NA,NA,NA,NA,156400_D7.sort.flt.bam,19155,78.83,9923
158339,158339_E7,53,Plate 1,E7,TTAACT,TCCTACCT,GCTCGGTA,night smelt,Eastern North Pacific,NA,UWFC,Spirinchus,starksi,NA,NA,NA,NA,158339_E7.sort.flt.bam,86451,67.27,41443
159806,159806_F7,54,Plate 1,F7,TTAACT,TCCTACCT,GGAGAACA,night smelt,Eastern North Pacific,NA,UWFC,Spirinchus,starksi,NA,NA,NA,NA,159806_F7.sort.flt.bam,1558786,91.11,591946
155929,155929_G7,55,Plate 1,G7,TTAACT,TCCTACCT,GGTGCGAA,eulachon,Eastern North Pacific,NA,UWFC,Thaleichthys,pacificus,NA,NA,NA,NA,155929_G7.sort.flt.bam,4360891,91.04,1507640
155956,155956_H7,56,Plate 1,H7,TTAACT,TCCTACCT,GTACGCAA,eulachon,Eastern North Pacific,NA,UWFC,Thaleichthys,pacificus,NA,NA,NA,NA,155956_H7.sort.flt.bam,1652550,92.64,522658
155858,155858_A8,57,Plate 1,A8,TTAACT,TCCTACCT,GTCGTAGA,surf smelt,Eastern North Pacific,NA,UWFC,Hypomesus,pretiosus,NA,NA,NA,NA,155858_A8.sort.flt.bam,267284,91.7,133223
156302,156302_B8,58,Plate 1,B8,TTAACT,TCCTACCT,GTCTGTCA,eulachon,Eastern North Pacific,NA,UWFC,Thaleichthys,pacificus,NA,NA,NA,NA,156302_B8.sort.flt.bam,2396385,92.75,696035
Nksk-2018_225,Nksk-2018_225,59,Plate 1,C8,TTAACT,TCCTACCT,GTGTTCTA,longfin smelt,Nooksack River,NA,Brandi Kammermans - NWIC,Spirinchus,thaleichthys,NA,NA,NA,NA,Nksk-2018_225.sort.flt.bam,6202712,91.21,2149188
Nksk-2018_226,Nksk-2018_226,60,Plate 1,D8,TTAACT,TCCTACCT,TAGGATGA,longfin smelt,Nooksack River,NA,Brandi Kammermans - NWIC,Spirinchus,thaleichthys,NA,NA,NA,NA,Nksk-2018_226.sort.flt.bam,5241901,91,1869183
Nksk-2018_227,Nksk-2018_227,61,Plate 1,E8,TTAACT,TCCTACCT,TATCAGCA,longfin smelt,Nooksack River,NA,Brandi Kammermans - NWIC,Spirinchus,thaleichthys,NA,NA,NA,NA,Nksk-2018_227.sort.flt.bam,35085,90.16,20439
Nksk-2018_228,Nksk-2018_228,62,Plate 1,F8,TTAACT,TCCTACCT,TCCGTCTA,longfin smelt,Nooksack River,NA,Brandi Kammermans - NWIC,Spirinchus,thaleichthys,NA,NA,NA,NA,Nksk-2018_228.sort.flt.bam,4212570,91.08,1540911
Nksk-2018_229,Nksk-2018_229,63,Plate 1,G8,TTAACT,TCCTACCT,TCTTCACA,longfin smelt,Nooksack River,NA,Brandi Kammermans - NWIC,Spirinchus,thaleichthys,NA,NA,NA,NA,Nksk-2018_229.sort.flt.bam,4002757,90.86,1494528
Nksk-2018_230,Nksk-2018_230,64,Plate 1,H8,TTAACT,TCCTACCT,TGAAGAGA,longfin smelt,Nooksack River,NA,Brandi Kammermans - NWIC,Spirinchus,thaleichthys,NA,NA,NA,NA,Nksk-2018_230.sort.flt.bam,33727,74.15,17271
Nksk-2018_231,Nksk-2018_231,65,Plate 1,A9,TTAACT,TCCTACCT,TGGAACAA,longfin smelt,Nooksack River,NA,Brandi Kammermans - NWIC,Spirinchus,thaleichthys,NA,NA,NA,NA,Nksk-2018_231.sort.flt.bam,21731,67.77,11463
Nksk-2018_232,Nksk-2018_232,66,Plate 1,B9,TTAACT,TCCTACCT,TGGCTTCA,longfin smelt,Nooksack River,NA,Brandi Kammermans - NWIC,Spirinchus,thaleichthys,NA,NA,NA,NA,Nksk-2018_232.sort.flt.bam,4249840,92.13,2054492
Nksk-2018_233,Nksk-2018_233,67,Plate 1,C9,TTAACT,TCCTACCT,TGGTGGTA,longfin smelt,Nooksack River,NA,Brandi Kammermans - NWIC,Spirinchus,thaleichthys,NA,NA,NA,NA,Nksk-2018_233.sort.flt.bam,424645,91.27,173403
Nksk-2018_234,Nksk-2018_234,68,Plate 1,D9,TTAACT,TCCTACCT,TTCACGCA,longfin smelt,Nooksack River,NA,Brandi Kammermans - NWIC,Spirinchus,thaleichthys,NA,NA,NA,NA,Nksk-2018_234.sort.flt.bam,3951804,92.29,1203869
19-0222,19-0222_E9,69,Plate 1,E9,TTAACT,TCCTACCT,ACACGAGA,larval smelt,Eureka Slough,4/9/19,Colin Brennan-ICF,NA,NA,May be Nksk_2018_235?,NA,NA,NA,19-0222_E9.sort.flt.bam,2632475,93.1,804244
Nksk-2018_236,Nksk-2018_236,70,Plate 1,F9,TTAACT,TCCTACCT,AAGAGATC,longfin smelt,Nooksack River,NA,Brandi Kammermans - NWIC,Spirinchus,thaleichthys,NA,NA,NA,NA,Nksk-2018_236.sort.flt.bam,3975862,92.67,1228988
Nksk-2018_237,Nksk-2018_237,71,Plate 1,G9,TTAACT,TCCTACCT,AAGGACAC,longfin smelt,Nooksack River,NA,Brandi Kammermans - NWIC,Spirinchus,thaleichthys,NA,NA,NA,NA,Nksk-2018_237.sort.flt.bam,4633633,91.26,1639261
Nksk-2018_238,Nksk-2018_238,72,Plate 1,H9,TTAACT,TCCTACCT,AATCCGTC,longfin smelt,Nooksack River,NA,Brandi Kammermans - NWIC,Spirinchus,thaleichthys,NA,NA,NA,NA,Nksk-2018_238.sort.flt.bam,8073144,90.88,2702384
Nksk-2018_239,Nksk-2018_239,73,Plate 1,A10,TTAACT,TCCTACCT,AATGTTGC,longfin smelt,Nooksack River,NA,Brandi Kammermans - NWIC,Spirinchus,thaleichthys,NA,NA,NA,NA,Nksk-2018_239.sort.flt.bam,162778,91.55,79358
Nksk-2018_240,Nksk-2018_240,74,Plate 1,B10,TTAACT,TCCTACCT,ACACTGAC,longfin smelt,Nooksack River,NA,Brandi Kammermans - NWIC,Spirinchus,thaleichthys,NA,NA,NA,NA,Nksk-2018_240.sort.flt.bam,4686516,90.89,1685787
Nksk-2018_241,Nksk-2018_241,75,Plate 1,C10,TTAACT,TCCTACCT,ACAGATTC,longfin smelt,Nooksack River,NA,Brandi Kammermans - NWIC,Spirinchus,thaleichthys,NA,NA,NA,NA,Nksk-2018_241.sort.flt.bam,73610,89.5,41517
Nksk-2018_242,Nksk-2018_242,76,Plate 1,D10,TTAACT,TCCTACCT,AGATGTAC,longfin smelt,Nooksack River,NA,Brandi Kammermans - NWIC,Spirinchus,thaleichthys,NA,NA,NA,NA,Nksk-2018_242.sort.flt.bam,18268,58.81,9548
Nksk-2018_243,Nksk-2018_243,77,Plate 1,E10,TTAACT,TCCTACCT,AGCACCTC,longfin smelt,Nooksack River,NA,Brandi Kammermans - NWIC,Spirinchus,thaleichthys,NA,NA,NA,NA,Nksk-2018_243.sort.flt.bam,42332,68.84,20638
Nksk-2018_244,Nksk-2018_244,78,Plate 1,F10,TTAACT,TCCTACCT,AGCCATGC,longfin smelt,Nooksack River,NA,Brandi Kammermans - NWIC,Spirinchus,thaleichthys,NA,NA,NA,NA,Nksk-2018_244.sort.flt.bam,9087338,91.69,4015426
19-0225,19-0225_G10,79,Plate 1,G10,TTAACT,TCCTACCT,AGGCTAAC,larval smelt,Eureka Slough,4/9/19,Colin Brennan-ICF,NA,NA,NA,NA,NA,NA,19-0225_G10.sort.flt.bam,3021405,90.98,1211689
19-0225,19-0225_H10,80,Plate 1,H10,TTAACT,TCCTACCT,ATAGCGAC,larval smelt,Eureka Slough,4/9/19,Colin Brennan-ICF,NA,NA,NA,NA,NA,NA,19-0225_H10.sort.flt.bam,2470765,91.96,786443
19-0225,19-0225_A11,81,Plate 1,A11,TTAACT,TCCTACCT,ACGACAAG,larval smelt,Eureka Slough,4/9/19,Colin Brennan-ICF,NA,NA,NA,NA,NA,NA,19-0225_A11.sort.flt.bam,3730125,92.65,1056416
19-0225,19-0225_B11,82,Plate 1,B11,TTAACT,TCCTACCT,ATTGGCTC,larval smelt,Eureka Slough,4/9/19,Colin Brennan-ICF,NA,NA,NA,NA,NA,NA,19-0225_B11.sort.flt.bam,3123857,92.02,1142058
19-0225,19-0225_C11,83,Plate 1,C11,TTAACT,TCCTACCT,CAAGGAGC,larval smelt,Eureka Slough,4/9/19,Colin Brennan-ICF,NA,NA,NA,NA,NA,NA,19-0225_C11.sort.flt.bam,5938367,90.89,2086582
20-1329,20-1329_D11,84,Plate 1,D11,TTAACT,TCCTACCT,CACCTTAC,larval smelt,Eel River,1/15/20,Colin Brennan-ICF,NA,NA,NA,NA,NA,NA,20-1329_D11.sort.flt.bam,4622795,90.77,1683082
20-1329,20-1329_E11,85,Plate 1,E11,TTAACT,TCCTACCT,CCATCCTC,larval smelt,Eel River,1/15/20,Colin Brennan-ICF,NA,NA,NA,NA,NA,NA,20-1329_E11.sort.flt.bam,1908441,91.16,762976
20-1329,20-1329_F11,86,Plate 1,F11,TTAACT,TCCTACCT,CCGACAAC,larval smelt,Eel River,1/15/20,Colin Brennan-ICF,NA,NA,NA,NA,NA,NA,20-1329_F11.sort.flt.bam,4623945,90.68,1662681
20-1329,20-1329_G11,87,Plate 1,G11,TTAACT,TCCTACCT,AGTCAAGC,larval smelt,Eel River,1/15/20,Colin Brennan-ICF,NA,NA,NA,NA,NA,NA,20-1329_G11.sort.flt.bam,29424,71.97,14251
20-1329,20-1329_H11,88,Plate 1,H11,TTAACT,TCCTACCT,CCTCTATC,larval smelt,Eel River,1/15/20,Colin Brennan-ICF,NA,NA,NA,NA,NA,NA,20-1329_H11.sort.flt.bam,93305,82.4,44218
20-1329,20-1329_A12,89,Plate 1,A12,TTAACT,TCCTACCT,CGACACAC,larval smelt,Eel River,1/15/20,Colin Brennan-ICF,NA,NA,NA,NA,NA,NA,20-1329_A12.sort.flt.bam,101707,83.26,47664
20-1329,20-1329_B12,90,Plate 1,B12,TTAACT,TCCTACCT,CGGATTGC,larval smelt,Eel River,1/15/20,Colin Brennan-ICF,NA,NA,NA,NA,NA,NA,20-1329_B12.sort.flt.bam,3692564,90.99,1276893
20-1329,20-1329_C12,91,Plate 1,C12,TTAACT,TCCTACCT,CTAAGGTC,larval smelt,Eel River,1/15/20,Colin Brennan-ICF,NA,NA,NA,NA,NA,NA,20-1329_C12.sort.flt.bam,7198184,90.62,2639543
20-1329,20-1329_D12,92,Plate 1,D12,TTAACT,TCCTACCT,GAACAGGC,larval smelt,Eel River,1/15/20,Colin Brennan-ICF,NA,NA,NA,NA,NA,NA,20-1329_D12.sort.flt.bam,2017697,89.05,605717
20-1329,20-1329_E12,93,Plate 1,E12,TTAACT,TCCTACCT,GACAGTGC,larval smelt,Eel River,1/15/20,Colin Brennan-ICF,NA,NA,NA,NA,NA,NA,20-1329_E12.sort.flt.bam,2751996,92.64,799869
20-1329,20-1329_F12,94,Plate 1,F12,TTAACT,TCCTACCT,GAGTTAGC,larval smelt,Eel River,1/15/20,Colin Brennan-ICF,NA,NA,NA,NA,NA,NA,20-1329_F12.sort.flt.bam,4168985,91.57,1528780
20-1329,20-1329_G12,95,Plate 1,G12,TTAACT,TCCTACCT,GATGAATC,larval smelt,Eel River,1/15/20,Colin Brennan-ICF,NA,NA,NA,NA,NA,NA,20-1329_G12.sort.flt.bam,2365755,91.31,912349
20-1329,20-1329_H12,96,Plate 1,H12,TTAACT,TCCTACCT,GCCAAGAC,larval smelt,Eel River,1/15/20,Colin Brennan-ICF,NA,NA,NA,NA,NA,NA,20-1329_H12.sort.flt.bam,4335313,90.9,1580509
20-1329,20-1329_A1,97,Plate 2,A1,TACTAT,GTTCTCGT,ACAAGCTA,larval smelt,Eel River,1/15/20,Colin Brennan-ICF,NA,NA,NA,NA,NA,NA,20-1329_A1.sort.flt.bam,10961266,91.92,2761409
20-1329,20-1329_B1,98,Plate 2,B1,TACTAT,GTTCTCGT,AAACATCG,larval smelt,Eel River,1/15/20,Colin Brennan-ICF,NA,NA,NA,NA,NA,NA,20-1329_B1.sort.flt.bam,15084756,91.94,3631461
20-1329,20-1329_C1,99,Plate 2,C1,TACTAT,GTTCTCGT,ACATTGGC,larval smelt,Eel River,1/15/20,Colin Brennan-ICF,NA,NA,NA,NA,NA,NA,20-1329_C1.sort.flt.bam,3245155,92.45,1012763
20-1329,20-1329_D1,100,Plate 2,D1,TACTAT,GTTCTCGT,ACCACTGT,larval smelt,Eel River,1/15/20,Colin Brennan-ICF,NA,NA,NA,NA,NA,NA,20-1329_D1.sort.flt.bam,2387473,92.49,778545
20-1329,20-1329_E1,101,Plate 2,E1,TACTAT,GTTCTCGT,AACGTGAT,larval smelt,Eel River,1/15/20,Colin Brennan-ICF,NA,NA,NA,NA,NA,NA,20-1329_E1.sort.flt.bam,6092156,92.43,1763494
20-1329,20-1329_F1,102,Plate 2,F1,TACTAT,GTTCTCGT,CGCTGATC,larval smelt,Eel River,1/15/20,Colin Brennan-ICF,NA,NA,NA,NA,NA,NA,20-1329_F1.sort.flt.bam,4800772,92.65,1409671
20-1329,20-1329_G1,103,Plate 2,G1,TACTAT,GTTCTCGT,CAGATCTG,larval smelt,Eel River,1/15/20,Colin Brennan-ICF,NA,NA,NA,NA,NA,NA,20-1329_G1.sort.flt.bam,5960707,92.34,1723153
20-1329,20-1329_H1,104,Plate 2,H1,TACTAT,GTTCTCGT,ATGCCTAA,larval smelt,Eel River,1/15/20,Colin Brennan-ICF,NA,NA,NA,NA,NA,NA,20-1329_H1.sort.flt.bam,6373698,92.32,1758587
20-1329,20-1329_A2,105,Plate 2,A2,TACTAT,GTTCTCGT,AACGAACG,larval smelt,Eel River,1/15/20,Colin Brennan-ICF,NA,NA,NA,NA,NA,NA,20-1329_A2.sort.flt.bam,1852413,92.91,556843
20-1329,20-1329_B2,106,Plate 2,B2,TACTAT,GTTCTCGT,AGTACAAG,larval smelt,Eel River,1/15/20,Colin Brennan-ICF,NA,NA,NA,NA,NA,NA,20-1329_B2.sort.flt.bam,6501175,92.36,1809245
20-1329,20-1329_C2,107,Plate 2,C2,TACTAT,GTTCTCGT,CATCAAGT,larval smelt,Eel River,1/15/20,Colin Brennan-ICF,NA,NA,NA,NA,NA,NA,20-1329_C2.sort.flt.bam,3974206,92.78,1191968
20-1329,20-1329_D2,108,Plate 2,D2,TACTAT,GTTCTCGT,AGTGGTCA,larval smelt,Eel River,1/15/20,Colin Brennan-ICF,NA,NA,NA,NA,NA,NA,20-1329_D2.sort.flt.bam,2929543,92.72,902931
20-1329,20-1329_E2,109,Plate 2,E2,TACTAT,GTTCTCGT,AACAACCA,larval smelt,Eel River,1/15/20,Colin Brennan-ICF,NA,NA,NA,NA,NA,NA,20-1329_E2.sort.flt.bam,7406341,91.94,2014957
20-1329,20-1329_F2,110,Plate 2,F2,TACTAT,GTTCTCGT,AACCGAGA,larval smelt,Eel River,1/15/20,Colin Brennan-ICF,NA,NA,NA,NA,NA,NA,20-1329_F2.sort.flt.bam,10372970,91.96,2612181
20-1330,20-1330_G2,111,Plate 2,G2,TACTAT,GTTCTCGT,AACGCTTA,larval smelt,Eel River,1/15/20,Colin Brennan-ICF,NA,NA,NA,NA,NA,NA,20-1330_G2.sort.flt.bam,2470391,92.21,788249
20-1330,20-1330_H2,112,Plate 2,H2,TACTAT,GTTCTCGT,AAGACGGA,larval smelt,Eel River,1/15/20,Colin Brennan-ICF,NA,NA,NA,NA,NA,NA,20-1330_H2.sort.flt.bam,4299394,92.23,1276863
20-1330,20-1330_A3,113,Plate 2,A3,TACTAT,GTTCTCGT,AAGGTACA,larval smelt,Eel River,1/15/20,Colin Brennan-ICF,NA,NA,NA,NA,NA,NA,20-1330_A3.sort.flt.bam,3693481,92.31,1128465
20-1330,20-1330_B3,114,Plate 2,B3,TACTAT,GTTCTCGT,ACACAGAA,larval smelt,Eel River,1/15/20,Colin Brennan-ICF,NA,NA,NA,NA,NA,NA,20-1330_B3.sort.flt.bam,4506862,92.2,1319683
20-1330,20-1330_C3,115,Plate 2,C3,TACTAT,GTTCTCGT,ACAGCAGA,larval smelt,Eel River,1/15/20,Colin Brennan-ICF,NA,NA,NA,NA,NA,NA,20-1330_C3.sort.flt.bam,4509873,92.36,1319102
20-1330,20-1330_D3,116,Plate 2,D3,TACTAT,GTTCTCGT,ACCTCCAA,larval smelt,Eel River,1/15/20,Colin Brennan-ICF,NA,NA,NA,NA,NA,NA,20-1330_D3.sort.flt.bam,4380087,92.06,1268606
20-1330,20-1330_E3,117,Plate 2,E3,TACTAT,GTTCTCGT,ACGCTCGA,larval smelt,Eel River,1/15/20,Colin Brennan-ICF,NA,NA,NA,NA,NA,NA,20-1330_E3.sort.flt.bam,6960489,91.91,1924684
20-1330,20-1330_F3,118,Plate 2,F3,TACTAT,GTTCTCGT,ACGTATCA,larval smelt,Eel River,1/15/20,Colin Brennan-ICF,NA,NA,NA,NA,NA,NA,20-1330_F3.sort.flt.bam,5145342,92.41,1471801
20-1330,20-1330_G3,119,Plate 2,G3,TACTAT,GTTCTCGT,ACTATGCA,larval smelt,Eel River,1/15/20,Colin Brennan-ICF,NA,NA,NA,NA,NA,NA,20-1330_G3.sort.flt.bam,2347538,92.56,748371
20-1330,20-1330_H3,120,Plate 2,H3,TACTAT,GTTCTCGT,AGAGTCAA,larval smelt,Eel River,1/15/20,Colin Brennan-ICF,NA,NA,NA,NA,NA,NA,20-1330_H3.sort.flt.bam,1593785,92.57,530592
20-1330,20-1330_A4,121,Plate 2,A4,TACTAT,GTTCTCGT,AGATCGCA,larval smelt,Eel River,1/15/20,Colin Brennan-ICF,NA,NA,NA,NA,NA,NA,20-1330_A4.sort.flt.bam,10496133,92.11,2698344
20-1330,20-1330_B4,122,Plate 2,B4,TACTAT,GTTCTCGT,AGCAGGAA,larval smelt,Eel River,1/15/20,Colin Brennan-ICF,NA,NA,NA,NA,NA,NA,20-1330_B4.sort.flt.bam,13083334,91.82,3175596
20-1330,20-1330_C4,123,Plate 2,C4,TACTAT,GTTCTCGT,AGTCACTA,larval smelt,Eel River,1/15/20,Colin Brennan-ICF,NA,NA,NA,NA,NA,NA,20-1330_C4.sort.flt.bam,3628935,92.33,1108192
20-1330,20-1330_D4,124,Plate 2,D4,TACTAT,GTTCTCGT,ATCCTGTA,larval smelt,Eel River,1/15/20,Colin Brennan-ICF,NA,NA,NA,NA,NA,NA,20-1330_D4.sort.flt.bam,3414654,92.39,1045038
20-1330,20-1330_E4,125,Plate 2,E4,TACTAT,GTTCTCGT,ATTGAGGA,larval smelt,Eel River,1/15/20,Colin Brennan-ICF,NA,NA,NA,NA,NA,NA,20-1330_E4.sort.flt.bam,3392311,92.36,1061385
20-1330,20-1330_F4,126,Plate 2,F4,TACTAT,GTTCTCGT,CAACCACA,larval smelt,Eel River,1/15/20,Colin Brennan-ICF,NA,NA,NA,NA,NA,NA,20-1330_F4.sort.flt.bam,4924636,92.03,1441088
20-1330,20-1330_G4,127,Plate 2,G4,TACTAT,GTTCTCGT,CAAGACTA,larval smelt,Eel River,1/15/20,Colin Brennan-ICF,NA,NA,NA,NA,NA,NA,20-1330_G4.sort.flt.bam,6075800,91.89,1709726
20-1330,20-1330_H4,128,Plate 2,H4,TACTAT,GTTCTCGT,CAATGGAA,larval smelt,Eel River,1/15/20,Colin Brennan-ICF,NA,NA,NA,NA,NA,NA,20-1330_H4.sort.flt.bam,4932760,92.16,1429148
20-1330,20-1330_A5,129,Plate 2,A5,TACTAT,GTTCTCGT,CACTTCGA,larval smelt,Eel River,1/15/20,Colin Brennan-ICF,NA,NA,NA,NA,NA,NA,20-1330_A5.sort.flt.bam,3047497,92.09,960174
20-1330,20-1330_B5,130,Plate 2,B5,TACTAT,GTTCTCGT,CAGCGTTA,larval smelt,Eel River,1/15/20,Colin Brennan-ICF,NA,NA,NA,NA,NA,NA,20-1330_B5.sort.flt.bam,4951460,92.4,1439002
20-1330,20-1330_C5,131,Plate 2,C5,TACTAT,GTTCTCGT,CATACCAA,larval smelt,Eel River,1/15/20,Colin Brennan-ICF,NA,NA,NA,NA,NA,NA,20-1330_C5.sort.flt.bam,1486258,92.27,498940
20-1330,20-1330_D5,132,Plate 2,D5,TACTAT,GTTCTCGT,CCAGTTCA,larval smelt,Eel River,1/15/20,Colin Brennan-ICF,NA,NA,NA,NA,NA,NA,20-1330_D5.sort.flt.bam,3059402,92.55,953278
20-1330,20-1330_E5,133,Plate 2,E5,TACTAT,GTTCTCGT,CCGAAGTA,larval smelt,Eel River,1/15/20,Colin Brennan-ICF,NA,NA,NA,NA,NA,NA,20-1330_E5.sort.flt.bam,11504280,92.06,2869652
20-1330,20-1330_F5,134,Plate 2,F5,TACTAT,GTTCTCGT,CCGTGAGA,larval smelt,Eel River,1/15/20,Colin Brennan-ICF,NA,NA,NA,NA,NA,NA,20-1330_F5.sort.flt.bam,10057388,92.14,2575847
20-1330,20-1330_G5,135,Plate 2,G5,TACTAT,GTTCTCGT,CCTCCTGA,larval smelt,Eel River,1/15/20,Colin Brennan-ICF,NA,NA,NA,NA,NA,NA,20-1330_G5.sort.flt.bam,2876815,92.41,904419
20-1330,20-1330_H5,136,Plate 2,H5,TACTAT,GTTCTCGT,CGAACTTA,larval smelt,Eel River,1/15/20,Colin Brennan-ICF,NA,NA,NA,NA,NA,NA,20-1330_H5.sort.flt.bam,5497505,92.15,1588195
20-1330,20-1330_A6,137,Plate 2,A6,TACTAT,GTTCTCGT,CGACTGGA,larval smelt,Eel River,1/15/20,Colin Brennan-ICF,NA,NA,NA,NA,NA,NA,20-1330_A6.sort.flt.bam,5128024,92.04,1474401
20-1330,20-1330_B6,138,Plate 2,B6,TACTAT,GTTCTCGT,CGCATACA,larval smelt,Eel River,1/15/20,Colin Brennan-ICF,NA,NA,NA,NA,NA,NA,20-1330_B6.sort.flt.bam,2195876,91.03,698683
20-1330,20-1330_C6,139,Plate 2,C6,TACTAT,GTTCTCGT,CTCAATGA,larval smelt,Eel River,1/15/20,Colin Brennan-ICF,NA,NA,NA,NA,NA,NA,20-1330_C6.sort.flt.bam,4986473,92.24,1431014
20-1330,20-1330_D6,140,Plate 2,D6,TACTAT,GTTCTCGT,CTGAGCCA,larval smelt,Eel River,1/15/20,Colin Brennan-ICF,NA,NA,NA,NA,NA,NA,20-1330_D6.sort.flt.bam,6385423,91.69,1755043
20-1330,20-1330_E6,141,Plate 2,E6,TACTAT,GTTCTCGT,CTGGCATA,larval smelt,Eel River,1/15/20,Colin Brennan-ICF,NA,NA,NA,NA,NA,NA,20-1330_E6.sort.flt.bam,5845781,91.82,1641666
20-1373,20-1373_F6,142,Plate 2,F6,TACTAT,GTTCTCGT,GAATCTGA,larval smelt,Eel River,1/29/20,Colin Brennan-ICF,NA,NA,NA,NA,NA,NA,20-1373_F6.sort.flt.bam,4474135,92.32,1311753
20-1373,20-1373_G6,143,Plate 2,G6,TACTAT,GTTCTCGT,GACTAGTA,larval smelt,Eel River,1/29/20,Colin Brennan-ICF,NA,NA,NA,NA,NA,NA,20-1373_G6.sort.flt.bam,1394033,92.84,464354
20-1373,20-1373_H6,144,Plate 2,H6,TACTAT,GTTCTCGT,GAGCTGAA,larval smelt,Eel River,1/29/20,Colin Brennan-ICF,NA,NA,NA,NA,NA,NA,20-1373_H6.sort.flt.bam,3102856,92.5,950793
20-1373,20-1373_A7,145,Plate 2,A7,TACTAT,GTTCTCGT,GATAGACA,larval smelt,Eel River,1/29/20,Colin Brennan-ICF,NA,NA,NA,NA,NA,NA,20-1373_A7.sort.flt.bam,10911613,92.06,2723097
20-1373,20-1373_B7,146,Plate 2,B7,TACTAT,GTTCTCGT,GCCACATA,larval smelt,Eel River,1/29/20,Colin Brennan-ICF,NA,NA,NA,NA,NA,NA,20-1373_B7.sort.flt.bam,7698559,92.11,2051477
20-1373,20-1373_C7,147,Plate 2,C7,TACTAT,GTTCTCGT,GCGAGTAA,larval smelt,Eel River,1/29/20,Colin Brennan-ICF,NA,NA,NA,NA,NA,NA,20-1373_C7.sort.flt.bam,3030355,92.19,952076
20-1373,20-1373_D7,148,Plate 2,D7,TACTAT,GTTCTCGT,GCTAACGA,larval smelt,Eel River,1/29/20,Colin Brennan-ICF,NA,NA,NA,NA,NA,NA,20-1373_D7.sort.flt.bam,2590108,92.45,818728
20-1373,20-1373_E7,149,Plate 2,E7,TACTAT,GTTCTCGT,GCTCGGTA,larval smelt,Eel River,1/29/20,Colin Brennan-ICF,NA,NA,NA,NA,NA,NA,20-1373_E7.sort.flt.bam,3739127,92.19,1142710
20-1373,20-1373_F7,150,Plate 2,F7,TACTAT,GTTCTCGT,GGAGAACA,larval smelt,Eel River,1/29/20,Colin Brennan-ICF,NA,NA,NA,NA,NA,NA,20-1373_F7.sort.flt.bam,4555206,91.99,1343566
20-1373,20-1373_G7,151,Plate 2,G7,TACTAT,GTTCTCGT,GGTGCGAA,larval smelt,Eel River,1/29/20,Colin Brennan-ICF,NA,NA,NA,NA,NA,NA,20-1373_G7.sort.flt.bam,3247133,92.05,973668
20-1373,20-1373_H7,152,Plate 2,H7,TACTAT,GTTCTCGT,GTACGCAA,larval smelt,Eel River,1/29/20,Colin Brennan-ICF,NA,NA,NA,NA,NA,NA,20-1373_H7.sort.flt.bam,4754473,92.2,1375139
20-1373,20-1373_A8,153,Plate 2,A8,TACTAT,GTTCTCGT,GTCGTAGA,larval smelt,Eel River,1/29/20,Colin Brennan-ICF,NA,NA,NA,NA,NA,NA,20-1373_A8.sort.flt.bam,3787602,92.1,1116948
20-1373,20-1373_B8,154,Plate 2,B8,TACTAT,GTTCTCGT,GTCTGTCA,larval smelt,Eel River,1/29/20,Colin Brennan-ICF,NA,NA,NA,NA,NA,NA,20-1373_B8.sort.flt.bam,2022317,92.55,644143
20-1373,20-1373_C8,155,Plate 2,C8,TACTAT,GTTCTCGT,GTGTTCTA,larval smelt,Eel River,1/29/20,Colin Brennan-ICF,NA,NA,NA,NA,NA,NA,20-1373_C8.sort.flt.bam,2001521,92.58,648972
20-1373,20-1373_D8,156,Plate 2,D8,TACTAT,GTTCTCGT,TAGGATGA,larval smelt,Eel River,1/29/20,Colin Brennan-ICF,NA,NA,NA,NA,NA,NA,20-1373_D8.sort.flt.bam,3220931,92.52,1011136
20-1373,20-1373_E8,157,Plate 2,E8,TACTAT,GTTCTCGT,TATCAGCA,larval smelt,Eel River,1/29/20,Colin Brennan-ICF,NA,NA,NA,NA,NA,NA,20-1373_E8.sort.flt.bam,9379188,92.26,2456791
20-1373,20-1373_F8,158,Plate 2,F8,TACTAT,GTTCTCGT,TCCGTCTA,larval smelt,Eel River,1/29/20,Colin Brennan-ICF,NA,NA,NA,NA,NA,NA,20-1373_F8.sort.flt.bam,7660858,92.05,2098130
20-1373,20-1373_G8,159,Plate 2,G8,TACTAT,GTTCTCGT,TCTTCACA,larval smelt,Eel River,1/29/20,Colin Brennan-ICF,NA,NA,NA,NA,NA,NA,20-1373_G8.sort.flt.bam,2428343,92.38,803608
20-1373,20-1373_H8,160,Plate 2,H8,TACTAT,GTTCTCGT,TGAAGAGA,larval smelt,Eel River,1/29/20,Colin Brennan-ICF,NA,NA,NA,NA,NA,NA,20-1373_H8.sort.flt.bam,1677418,92.2,569317
20-1373,20-1373_A9,161,Plate 2,A9,TACTAT,GTTCTCGT,TGGAACAA,larval smelt,Eel River,1/29/20,Colin Brennan-ICF,NA,NA,NA,NA,NA,NA,20-1373_A9.sort.flt.bam,1688791,92.11,563662
20-1373,20-1373_B9,162,Plate 2,B9,TACTAT,GTTCTCGT,TGGCTTCA,larval smelt,Eel River,1/29/20,Colin Brennan-ICF,NA,NA,NA,NA,NA,NA,20-1373_B9.sort.flt.bam,4367328,92.03,1291358
20-1373,20-1373_C9,163,Plate 2,C9,TACTAT,GTTCTCGT,TGGTGGTA,larval smelt,Eel River,1/29/20,Colin Brennan-ICF,NA,NA,NA,NA,NA,NA,20-1373_C9.sort.flt.bam,2377170,92.32,749082
20-1373,20-1373_D9,164,Plate 2,D9,TACTAT,GTTCTCGT,TTCACGCA,larval smelt,Eel River,1/29/20,Colin Brennan-ICF,NA,NA,NA,NA,NA,NA,20-1373_D9.sort.flt.bam,3386033,92.3,1039834
20-1373,20-1373_E9,165,Plate 2,E9,TACTAT,GTTCTCGT,ACACGAGA,larval smelt,Eel River,1/29/20,Colin Brennan-ICF,NA,NA,NA,NA,NA,NA,20-1373_E9.sort.flt.bam,3582465,92.18,1079053
20-1373,20-1373_F9,166,Plate 2,F9,TACTAT,GTTCTCGT,AAGAGATC,larval smelt,Eel River,1/29/20,Colin Brennan-ICF,NA,NA,NA,NA,NA,NA,20-1373_F9.sort.flt.bam,2943848,92.49,904683
20-1373,20-1373_G9,167,Plate 2,G9,TACTAT,GTTCTCGT,AAGGACAC,larval smelt,Eel River,1/29/20,Colin Brennan-ICF,NA,NA,NA,NA,NA,NA,20-1373_G9.sort.flt.bam,3306469,92.38,1016033
20-1373,20-1373_H9,168,Plate 2,H9,TACTAT,GTTCTCGT,AATCCGTC,larval smelt,Eel River,1/29/20,Colin Brennan-ICF,NA,NA,NA,NA,NA,NA,20-1373_H9.sort.flt.bam,4059755,92.64,1194177
20-1373,20-1373_A10,169,Plate 2,A10,TACTAT,GTTCTCGT,AATGTTGC,larval smelt,Eel River,1/29/20,Colin Brennan-ICF,NA,NA,NA,NA,NA,NA,20-1373_A10.sort.flt.bam,6112815,92.35,1703791
20-1373,20-1373_B10,170,Plate 2,B10,TACTAT,GTTCTCGT,ACACTGAC,larval smelt,Eel River,1/29/20,Colin Brennan-ICF,NA,NA,NA,NA,NA,NA,20-1373_B10.sort.flt.bam,5262178,92.47,1544222
20-1373,20-1373_C10,171,Plate 2,C10,TACTAT,GTTCTCGT,ACAGATTC,larval smelt,Eel River,1/29/20,Colin Brennan-ICF,NA,NA,NA,NA,NA,NA,20-1373_C10.sort.flt.bam,4727452,92.27,1398084
20-1373,20-1373_D10,172,Plate 2,D10,TACTAT,GTTCTCGT,AGATGTAC,larval smelt,Eel River,1/29/20,Colin Brennan-ICF,NA,NA,NA,NA,NA,NA,20-1373_D10.sort.flt.bam,4355612,92.32,1384313
20-1375,20-1375_E10,173,Plate 2,E10,TACTAT,GTTCTCGT,AGCACCTC,larval smelt,Eel River,1/29/20,Colin Brennan-ICF,NA,NA,NA,NA,NA,NA,20-1375_E10.sort.flt.bam,1876493,92.2,614891
20-1375,20-1375_F10,174,Plate 2,F10,TACTAT,GTTCTCGT,AGCCATGC,larval smelt,Eel River,1/29/20,Colin Brennan-ICF,NA,NA,NA,NA,NA,NA,20-1375_F10.sort.flt.bam,796374,92.58,241269
20-1375,20-1375_G10,175,Plate 2,G10,TACTAT,GTTCTCGT,AGGCTAAC,larval smelt,Eel River,1/29/20,Colin Brennan-ICF,NA,NA,NA,NA,NA,NA,20-1375_G10.sort.flt.bam,4154777,91.84,1215495
20-1375,20-1375_H10,176,Plate 2,H10,TACTAT,GTTCTCGT,ATAGCGAC,larval smelt,Eel River,1/29/20,Colin Brennan-ICF,NA,NA,NA,NA,NA,NA,20-1375_H10.sort.flt.bam,6188437,92.07,1738091
20-1375,20-1375_A11,177,Plate 2,A11,TACTAT,GTTCTCGT,ACGACAAG,larval smelt,Eel River,1/29/20,Colin Brennan-ICF,NA,NA,NA,NA,NA,NA,20-1375_A11.sort.flt.bam,6083355,92.08,1701770
20-1375,20-1375_B11,178,Plate 2,B11,TACTAT,GTTCTCGT,ATTGGCTC,larval smelt,Eel River,1/29/20,Colin Brennan-ICF,NA,NA,NA,NA,NA,NA,20-1375_B11.sort.flt.bam,3559078,92.43,1073816
20-1375,20-1375_C11,179,Plate 2,C11,TACTAT,GTTCTCGT,CAAGGAGC,larval smelt,Eel River,1/29/20,Colin Brennan-ICF,NA,NA,NA,NA,NA,NA,20-1375_C11.sort.flt.bam,2661036,92.42,840165
20-1375,20-1375_D11,180,Plate 2,D11,TACTAT,GTTCTCGT,CACCTTAC,larval smelt,Eel River,1/29/20,Colin Brennan-ICF,NA,NA,NA,NA,NA,NA,20-1375_D11.sort.flt.bam,1996878,92.48,658923
20-1375,20-1375_E11,181,Plate 2,E11,TACTAT,GTTCTCGT,CCATCCTC,larval smelt,Eel River,1/29/20,Colin Brennan-ICF,NA,NA,NA,NA,NA,NA,20-1375_E11.sort.flt.bam,7620178,92.14,2033342
20-1375,20-1375_F11,182,Plate 2,F11,TACTAT,GTTCTCGT,CCGACAAC,larval smelt,Eel River,1/29/20,Colin Brennan-ICF,NA,NA,NA,NA,NA,NA,20-1375_F11.sort.flt.bam,4149202,92.43,1256558
20-1375,20-1375_G11,183,Plate 2,G11,TACTAT,GTTCTCGT,AGTCAAGC,larval smelt,Eel River,1/29/20,Colin Brennan-ICF,NA,NA,NA,NA,NA,NA,20-1375_G11.sort.flt.bam,4783874,92.4,1410941
20-1375,20-1375_H11,184,Plate 2,H11,TACTAT,GTTCTCGT,CCTCTATC,larval smelt,Eel River,1/29/20,Colin Brennan-ICF,NA,NA,NA,NA,NA,NA,20-1375_H11.sort.flt.bam,505411,92.05,169979
20-1375,20-1375_A12,185,Plate 2,A12,TACTAT,GTTCTCGT,CGACACAC,larval smelt,Eel River,1/29/20,Colin Brennan-ICF,NA,NA,NA,NA,NA,NA,20-1375_A12.sort.flt.bam,2845682,92.56,881479
20-1375,20-1375_B12,186,Plate 2,B12,TACTAT,GTTCTCGT,CGGATTGC,larval smelt,Eel River,1/29/20,Colin Brennan-ICF,NA,NA,NA,NA,NA,NA,20-1375_B12.sort.flt.bam,7885871,92.28,2139667
20-1375,20-1375_C12,187,Plate 2,C12,TACTAT,GTTCTCGT,CTAAGGTC,larval smelt,Eel River,1/29/20,Colin Brennan-ICF,NA,NA,NA,NA,NA,NA,20-1375_C12.sort.flt.bam,5041071,92.35,1448593
20-1375,20-1375_D12,188,Plate 2,D12,TACTAT,GTTCTCGT,GAACAGGC,larval smelt,Eel River,1/29/20,Colin Brennan-ICF,NA,NA,NA,NA,NA,NA,20-1375_D12.sort.flt.bam,92403,91.66,35050
20-1375,20-1375_E12,189,Plate 2,E12,TACTAT,GTTCTCGT,GACAGTGC,larval smelt,Eel River,1/29/20,Colin Brennan-ICF,NA,NA,NA,NA,NA,NA,20-1375_E12.sort.flt.bam,6040678,92.32,1693436
20-1375,20-1375_F12,190,Plate 2,F12,TACTAT,GTTCTCGT,GAGTTAGC,larval smelt,Eel River,1/29/20,Colin Brennan-ICF,NA,NA,NA,NA,NA,NA,20-1375_F12.sort.flt.bam,3526259,92.43,1068857
20-1375,20-1375_G12,191,Plate 2,G12,TACTAT,GTTCTCGT,GATGAATC,larval smelt,Eel River,1/29/20,Colin Brennan-ICF,NA,NA,NA,NA,NA,NA,20-1375_G12.sort.flt.bam,2712871,92.66,844656
20-1375,20-1375_H12,192,Plate 2,H12,TACTAT,GTTCTCGT,GCCAAGAC,larval smelt,Eel River,1/29/20,Colin Brennan-ICF,NA,NA,NA,NA,NA,NA,20-1375_H12.sort.flt.bam,2329262,92.6,739447
UW156806,UW156806_A1,193,Plate 3,A1,TTTGAT,GGTTGTCA,ACAAGCTA,surf smelt,Eastern North Pacific,NA,UWFC,Hypomesus,pretiosus,NA,NA,NA,NA,UW156806_A1.sort.flt.bam,17389,89.6,11315
UW150967,UW150967_B1,194,Plate 3,B1,TTTGAT,GGTTGTCA,AAACATCG,whitebait smelt,Eastern North Pacific,8/25/10,UWFC,Allosmerus,elongatus,NA,NA,NA,NA,UW150967_B1.sort.flt.bam,3974164,90.86,1413122
UW150967,UW150967_C1,195,Plate 3,C1,TTTGAT,GGTTGTCA,ACATTGGC,whitebait smelt,Eastern North Pacific,8/25/10,UWFC,Allosmerus,elongatus,NA,NA,NA,NA,UW150967_C1.sort.flt.bam,975681,90.12,363613
UW150967,UW150967_D1,196,Plate 3,D1,TTTGAT,GGTTGTCA,ACCACTGT,whitebait smelt,Eastern North Pacific,8/25/10,UWFC,Allosmerus,elongatus,NA,NA,NA,NA,UW150967_D1.sort.flt.bam,2068,65.69,1278
UW150967,UW150967_E1,197,Plate 3,E1,TTTGAT,GGTTGTCA,AACGTGAT,whitebait smelt,Eastern North Pacific,8/25/10,UWFC,Allosmerus,elongatus,NA,NA,NA,NA,UW150967_E1.sort.flt.bam,11343,87.89,6575
UW150967,UW150967_F1,198,Plate 3,F1,TTTGAT,GGTTGTCA,CGCTGATC,whitebait smelt,Eastern North Pacific,8/25/10,UWFC,Allosmerus,elongatus,NA,NA,NA,NA,UW150967_F1.sort.flt.bam,96877,92.23,59491
UW156388,UW156388_G1,199,Plate 3,G1,TTTGAT,GGTTGTCA,CAGATCTG,whitebait smelt,Eastern North Pacific,6/10/16,UWFC,Allosmerus,elongatus,NA,NA,NA,NA,UW156388_G1.sort.flt.bam,695,56.41,536
UW156388,UW156388_H1,200,Plate 3,H1,TTTGAT,GGTTGTCA,ATGCCTAA,whitebait smelt,Eastern North Pacific,6/10/16,UWFC,Allosmerus,elongatus,NA,NA,NA,NA,UW156388_H1.sort.flt.bam,504,56.88,371
UW156388,UW156388_A2,201,Plate 3,A2,TTTGAT,GGTTGTCA,AACGAACG,whitebait smelt,Eastern North Pacific,6/10/16,UWFC,Allosmerus,elongatus,NA,NA,NA,NA,UW156388_A2.sort.flt.bam,514,49.95,359
UW151184,UW151184_B2,202,Plate 3,B2,TTTGAT,GGTTGTCA,AGTACAAG,surf smelt,Eastern North Pacific,10/2/11,UWFC,Hypomesus,pretiosus,NA,NA,NA,NA,UW151184_B2.sort.flt.bam,476,54.09,332
UW151184,UW151184_C2,203,Plate 3,C2,TTTGAT,GGTTGTCA,CATCAAGT,surf smelt,Eastern North Pacific,10/2/11,UWFC,Hypomesus,pretiosus,NA,NA,NA,NA,UW151184_C2.sort.flt.bam,500,54.29,353
UW151184,UW151184_D2,204,Plate 3,D2,TTTGAT,GGTTGTCA,AGTGGTCA,surf smelt,Eastern North Pacific,10/2/11,UWFC,Hypomesus,pretiosus,NA,NA,NA,NA,UW151184_D2.sort.flt.bam,510,54.26,337
UW155858,UW155858_E2,205,Plate 3,E2,TTTGAT,GGTTGTCA,AACAACCA,surf smelt,Eastern North Pacific,9/2/15,UWFC,Hypomesus,pretiosus,NA,NA,NA,NA,UW155858_E2.sort.flt.bam,2683075,90.59,1081749
UW156014,UW156014_F2,206,Plate 3,F2,TTTGAT,GGTTGTCA,AACCGAGA,surf smelt,Eastern North Pacific,9/17/15,UWFC,Hypomesus,pretiosus,NA,NA,NA,NA,UW156014_F2.sort.flt.bam,4228626,92.22,2173070
UW150968,UW150968_G2,207,Plate 3,G2,TTTGAT,GGTTGTCA,AACGCTTA,night smelt,Eastern North Pacific,9/29/10,UWFC,Spirinchus,starksi,NA,NA,NA,NA,UW150968_G2.sort.flt.bam,191166,90.84,97826
UW150968,UW150968_H2,208,Plate 3,H2,TTTGAT,GGTTGTCA,AAGACGGA,night smelt,Eastern North Pacific,9/29/10,UWFC,Spirinchus,starksi,NA,NA,NA,NA,UW150968_H2.sort.flt.bam,742661,90.61,378473
UW150968,UW150968_A3,209,Plate 3,A3,TTTGAT,GGTTGTCA,AAGGTACA,night smelt,Eastern North Pacific,9/29/10,UWFC,Spirinchus,starksi,NA,NA,NA,NA,UW150968_A3.sort.flt.bam,2671910,91.09,1260147
UW150968,UW150968_B3,210,Plate 3,B3,TTTGAT,GGTTGTCA,ACACAGAA,night smelt,Eastern North Pacific,9/29/10,UWFC,Spirinchus,starksi,NA,NA,NA,NA,UW150968_B3.sort.flt.bam,72330,90.63,44297
UW158339,UW158339_C3,211,Plate 3,C3,TTTGAT,GGTTGTCA,ACAGCAGA,night smelt,Eastern North Pacific,8/21/18,UWFC,Spirinchus,starksi,NA,NA,NA,NA,UW158339_C3.sort.flt.bam,610,49.96,431
UW159806,UW159806_D3,212,Plate 3,D3,TTTGAT,GGTTGTCA,ACCTCCAA,night smelt,Eastern North Pacific,8/20/19,UWFC,Spirinchus,starksi,NA,NA,NA,NA,UW159806_D3.sort.flt.bam,573,58.77,459
UW159806,UW159806_E3,213,Plate 3,E3,TTTGAT,GGTTGTCA,ACGCTCGA,night smelt,Eastern North Pacific,8/20/19,UWFC,Spirinchus,starksi,NA,NA,NA,NA,UW159806_E3.sort.flt.bam,596,55.65,450
UW159806,UW159806_F3,214,Plate 3,F3,TTTGAT,GGTTGTCA,ACGTATCA,night smelt,Eastern North Pacific,8/20/19,UWFC,Spirinchus,starksi,NA,NA,NA,NA,UW159806_F3.sort.flt.bam,694,51.29,497
UW155929,UW155929_G3,215,Plate 3,G3,TTTGAT,GGTTGTCA,ACTATGCA,eulachon,Eastern North Pacific,8/10/15,UWFC,Thaleichthys,pacificus,NA,NA,NA,NA,UW155929_G3.sort.flt.bam,476,51.57,330
UW155929,UW155929_H3,216,Plate 3,H3,TTTGAT,GGTTGTCA,AGAGTCAA,eulachon,Eastern North Pacific,8/10/15,UWFC,Thaleichthys,pacificus,NA,NA,NA,NA,UW155929_H3.sort.flt.bam,453,53.8,320
UW155929,UW155929_A4,217,Plate 3,A4,TTTGAT,GGTTGTCA,AGATCGCA,eulachon,Eastern North Pacific,8/10/15,UWFC,Thaleichthys,pacificus,NA,NA,NA,NA,UW155929_A4.sort.flt.bam,1463299,90.66,615961
UW155929,UW155929_B4,218,Plate 3,B4,TTTGAT,GGTTGTCA,AGCAGGAA,eulachon,Eastern North Pacific,8/10/15,UWFC,Thaleichthys,pacificus,NA,NA,NA,NA,UW155929_B4.sort.flt.bam,4099577,91.88,2141035
UW155956,UW155956_C4,219,Plate 3,C4,TTTGAT,GGTTGTCA,AGTCACTA,eulachon,Eastern North Pacific,8/25/15,UWFC,Thaleichthys,pacificus,NA,NA,NA,NA,UW155956_C4.sort.flt.bam,3172468,90.71,1253731
UW155956,UW155956_D4,220,Plate 3,D4,TTTGAT,GGTTGTCA,ATCCTGTA,eulachon,Eastern North Pacific,8/25/15,UWFC,Thaleichthys,pacificus,NA,NA,NA,NA,UW155956_D4.sort.flt.bam,1709299,90.74,800159
UW155956,UW155956_E4,221,Plate 3,E4,TTTGAT,GGTTGTCA,ATTGAGGA,eulachon,Eastern North Pacific,8/25/15,UWFC,Thaleichthys,pacificus,NA,NA,NA,NA,UW155956_E4.sort.flt.bam,6045617,92.23,3164233
UW155956,UW155956_F4,222,Plate 3,F4,TTTGAT,GGTTGTCA,CAACCACA,eulachon,Eastern North Pacific,8/25/15,UWFC,Thaleichthys,pacificus,NA,NA,NA,NA,UW155956_F4.sort.flt.bam,63988,89.9,36148
RX02,RX02_G4,223,Plate 3,G4,TTTGAT,GGTTGTCA,CAAGACTA,wakasagi,wild caught',NA,Evan - FCCL,Hypomesus,nipponensis,NA,NA,NA,NA,RX02_G4.sort.flt.bam,578,55.31,439
1320,1320_H4,224,Plate 3,H4,TTTGAT,GGTTGTCA,CAATGGAA,wakasagi,FCCL WAGS 2022,NA,Tien-FCCL,Hypomesus,nipponensis,NA,NA,NA,NA,1320_H4.sort.flt.bam,505,52.17,339
E232,E232_A5,225,Plate 3,A5,TTTGAT,GGTTGTCA,CACTTCGA,wakasagi,EDSM 2020 Trawl,NA,Bruce Hammock,Hypomesus,nipponensis,NA,NA,NA,NA,E232_A5.sort.flt.bam,328,53.42,226
E480,E480_B5,226,Plate 3,B5,TTTGAT,GGTTGTCA,CAGCGTTA,wakasagi,EDSM 2020 Trawl,NA,Bruce Hammock,Hypomesus,nipponensis,NA,NA,NA,NA,E480_B5.sort.flt.bam,652,50.43,437
E487,E487_C5,227,Plate 3,C5,TTTGAT,GGTTGTCA,CATACCAA,putative surf smelt,EDSM 2021 Trawl,NA,Bruce Hammock,Hypomesus,pretiosus,NA,NA,NA,NA,E487_C5.sort.flt.bam,480,50.85,341
fin1,fin1_D5,228,Plate 3,D5,TTTGAT,GGTTGTCA,CCAGTTCA,wakasagi,"Flash #:2559,Lamope 04-LOWE #1",NA,Michelle Avila,Hypomesus,nipponensis,NA,NA,NA,NA,fin1_D5.sort.flt.bam,588,51.72,434
fin2,fin2_E5,229,Plate 3,E5,TTTGAT,GGTTGTCA,CCGAAGTA,wakasagi,"Flash #:2560,Lamope 04-LOWE #2",NA,Michelle Avila,Hypomesus,nipponensis,NA,NA,NA,NA,fin2_E5.sort.flt.bam,2647333,90.63,1069865
fin12,fin12_F5,230,Plate 3,F5,TTTGAT,GGTTGTCA,CCGTGAGA,wakasagi,"Flash #:2561,Lamope 04-LOWE #12",NA,Michelle Avila,Hypomesus,nipponensis,NA,NA,NA,NA,fin12_F5.sort.flt.bam,2766753,92.13,1488578
fin14,fin14_G5,231,Plate 3,G5,TTTGAT,GGTTGTCA,CCTCCTGA,wakasagi,"Flash #:2562,Lamope 04-LOWE #14",NA,Michelle Avila,Hypomesus,nipponensis,NA,NA,NA,NA,fin14_G5.sort.flt.bam,109822,89.92,49283
fin17,fin17_H5,232,Plate 3,H5,TTTGAT,GGTTGTCA,CGAACTTA,wakasagi,"Flash #: none,Lamope 04-LOWE #17",NA,Michelle Avila,Hypomesus,nipponensis,NA,NA,NA,NA,fin17_H5.sort.flt.bam,2229623,90.63,1014927
22-DS-Mac1,22-DS-Mac1_A6,233,Plate 3,A6,TTTGAT,GGTTGTCA,CGACTGGA,wakasagi,"CDFW -FRP, Flash #: 2556",NA,Christina Burdi,Hypomesus,nipponensis,NA,NA,NA,NA,22-DS-Mac1_A6.sort.flt.bam,4594928,90.75,2041433
22-DS-Mac3,22-DS-Mac3_B6,234,Plate 3,B6,TTTGAT,GGTTGTCA,CGCATACA,wakasagi,"CDFW -FRP, Flash #: 2557",NA,Christina Burdi,Hypomesus,nipponensis,NA,NA,NA,NA,22-DS-Mac3_B6.sort.flt.bam,549,53.46,392
22-DS-Lamope3,22-DS-Lamope3_C6,235,Plate 3,C6,TTTGAT,GGTTGTCA,CTCAATGA,wakasagi,"CDFW -FRP, Flash #: 2558",NA,Christina Burdi,Hypomesus,nipponensis,NA,NA,NA,NA,22-DS-Lamope3_C6.sort.flt.bam,483,51.94,372
