Well,Plate,SampleID,Species,WellBarcode,NEBIndex,NEBIndexSeq,Notes
A1,NightSmelt_LFS_Normalized_1,NS01 ,NightSmelt,ACAAGCTA,25,ACTGAT,
B1,NightSmelt_LFS_Normalized_1,NS02,NightSmelt,AACAACCA,25,ACTGAT,
C1,NightSmelt_LFS_Normalized_1,NS03,NightSmelt,AGATCGCA,25,ACTGAT,
D1,NightSmelt_LFS_Normalized_1,NS04,NightSmelt,CCGAAGTA,25,ACTGAT,
E1,NightSmelt_LFS_Normalized_1,NS05,NightSmelt,GATAGACA,25,ACTGAT,
F1,NightSmelt_LFS_Normalized_1,NS06,NightSmelt,TATCAGCA,25,ACTGAT,
G1,NightSmelt_LFS_Normalized_1,NS07,NightSmelt,AATGTTGC,25,ACTGAT,
H1,NightSmelt_LFS_Normalized_1,NS08,NightSmelt,CCATCCTC,25,ACTGAT,
B2,NightSmelt_LFS_Normalized_1,NS10,NightSmelt,AACCGAGA,25,ACTGAT,
C2,NightSmelt_LFS_Normalized_1,NS11,NightSmelt,AGCAGGAA,25,ACTGAT,
D2,NightSmelt_LFS_Normalized_1,NS12,NightSmelt,CCGTGAGA,25,ACTGAT,
E2,NightSmelt_LFS_Normalized_1,NS13,NightSmelt,GCCACATA,25,ACTGAT,
F2,NightSmelt_LFS_Normalized_1,NS14,NightSmelt,TCCGTCTA,25,ACTGAT,
G2,NightSmelt_LFS_Normalized_1,NS15,NightSmelt,ACACTGAC,25,ACTGAT,
H2,NightSmelt_LFS_Normalized_1,NS16,NightSmelt,CCGACAAC,25,ACTGAT,
A3,NightSmelt_LFS_Normalized_1,NS17,NightSmelt,ACATTGGC,25,ACTGAT,
B3,NightSmelt_LFS_Normalized_1,NS18,NightSmelt,AACGCTTA,25,ACTGAT,
C3,NightSmelt_LFS_Normalized_1,NS19,NightSmelt,AGTCACTA,25,ACTGAT,
D3,NightSmelt_LFS_Normalized_1,NS20,NightSmelt,CCTCCTGA,25,ACTGAT,
E3,NightSmelt_LFS_Normalized_1,Nksk-2018_225 ,LongfinSmelt,GCGAGTAA,25,ACTGAT,
F3,NightSmelt_LFS_Normalized_1,Nksk-2018_226 ,LongfinSmelt,TCTTCACA,25,ACTGAT,
G3,NightSmelt_LFS_Normalized_1,Nksk-2018_227 ,LongfinSmelt,ACAGATTC,25,ACTGAT,
H3,NightSmelt_LFS_Normalized_1,Nksk-2018_228 ,LongfinSmelt,AGTCAAGC,25,ACTGAT,
A4,NightSmelt_LFS_Normalized_1,Nksk-2018_229 ,LongfinSmelt,ACCACTGT,25,ACTGAT,
B4,NightSmelt_LFS_Normalized_1,Nksk-2018_230 ,LongfinSmelt,AAGACGGA,25,ACTGAT,
C4,NightSmelt_LFS_Normalized_1,Nksk-2018_231 ,LongfinSmelt,ATCCTGTA,25,ACTGAT,
D4,NightSmelt_LFS_Normalized_1,Nksk-2018_232 ,LongfinSmelt,CGAACTTA,25,ACTGAT,
E4,NightSmelt_LFS_Normalized_1,Nksk-2018_233 ,LongfinSmelt,GCTAACGA,25,ACTGAT,
F4,NightSmelt_LFS_Normalized_1,Nksk-2018_234 ,LongfinSmelt,TGAAGAGA,25,ACTGAT,
H4,NightSmelt_LFS_Normalized_1,Nksk-2018_236 ,LongfinSmelt,CCTCTATC,25,ACTGAT,
A5,NightSmelt_LFS_Normalized_1,Nksk-2018_237 ,LongfinSmelt,AACGTGAT,25,ACTGAT,
B5,NightSmelt_LFS_Normalized_1,Nksk-2018_238 ,LongfinSmelt,AAGGTACA,25,ACTGAT,
C5,NightSmelt_LFS_Normalized_1,Nksk-2018_239 ,LongfinSmelt,ATTGAGGA,25,ACTGAT,
D5,NightSmelt_LFS_Normalized_1,Nksk-2018_240 ,LongfinSmelt,CGACTGGA,25,ACTGAT,
E5,NightSmelt_LFS_Normalized_1,Nksk-2018_241 ,LongfinSmelt,GCTCGGTA,25,ACTGAT,
F5,NightSmelt_LFS_Normalized_1,Nksk-2018_242 ,LongfinSmelt,TGGAACAA,25,ACTGAT,
G5,NightSmelt_LFS_Normalized_1,Nksk-2018_243 ,LongfinSmelt,AGCACCTC,25,ACTGAT,
H5,NightSmelt_LFS_Normalized_1,Nksk-2018_244 ,LongfinSmelt,CGACACAC,25,ACTGAT,
A6,NightSmelt_LFS_Normalized_1,19-0222-1 ,LarvalLFS,CGCTGATC,25,ACTGAT,Low DNA concentration
B6,NightSmelt_LFS_Normalized_1,19-0222-2 ,LarvalLFS,ACACAGAA,25,ACTGAT,Low DNA concentration
C6,NightSmelt_LFS_Normalized_1,19-0222-3 ,LarvalLFS,CAACCACA,25,ACTGAT,Low DNA concentration
E6,NightSmelt_LFS_Normalized_1,19-0222-5 ,LarvalLFS,GGAGAACA,25,ACTGAT,
F6,NightSmelt_LFS_Normalized_1,19-0225-1 ,LarvalLFS,TGGCTTCA,25,ACTGAT,
G6,NightSmelt_LFS_Normalized_1,19-0225-2 ,LarvalLFS,AGCCATGC,25,ACTGAT,
H6,NightSmelt_LFS_Normalized_1,19-0225-3 ,LarvalLFS,CGGATTGC,25,ACTGAT,
A7,NightSmelt_LFS_Normalized_1,19-0225-4 ,LarvalLFS,CAGATCTG,25,ACTGAT,
B7,NightSmelt_LFS_Normalized_1,20-1325-1 ,LarvalLFS,ACAGCAGA,25,ACTGAT,
C7,NightSmelt_LFS_Normalized_1,20-1325-2 ,LarvalLFS,CAAGACTA,25,ACTGAT,
D7,NightSmelt_LFS_Normalized_1,20-1325-3 ,LarvalLFS,CTCAATGA,25,ACTGAT,
E7,NightSmelt_LFS_Normalized_1,20-1325-4 ,LarvalLFS,GGTGCGAA,25,ACTGAT,
F7,NightSmelt_LFS_Normalized_1,20-1325-5 ,LarvalLFS,TGGTGGTA,25,ACTGAT,
G7,NightSmelt_LFS_Normalized_1,20-1325-6 ,LarvalLFS,AGGCTAAC,25,ACTGAT,
H7,NightSmelt_LFS_Normalized_1,20-1325-7 ,LarvalLFS,CTAAGGTC,25,ACTGAT,
A8,NightSmelt_LFS_Normalized_1,20-1325-8 ,LarvalLFS,ATGCCTAA,25,ACTGAT,
B8,NightSmelt_LFS_Normalized_1,20-1325-9 ,LarvalLFS,ACCTCCAA,25,ACTGAT,
C8,NightSmelt_LFS_Normalized_1,20-1325-10  ,LarvalLFS,CAATGGAA,25,ACTGAT,
D8,NightSmelt_LFS_Normalized_1,20-1325-11 ,LarvalLFS,CTGAGCCA,25,ACTGAT,
E8,NightSmelt_LFS_Normalized_1,20-1325-12 ,LarvalLFS,GTACGCAA,25,ACTGAT,
F8,NightSmelt_LFS_Normalized_1,20-1325-13 ,LarvalLFS,TTCACGCA,25,ACTGAT,
G8,NightSmelt_LFS_Normalized_1,20-1325-14 ,LarvalLFS,ATAGCGAC,25,ACTGAT,
H8,NightSmelt_LFS_Normalized_1,20-1325-15 ,LarvalLFS,GAACAGGC,25,ACTGAT,
A9,NightSmelt_LFS_Normalized_1,20-1325-16 ,LarvalLFS,AACGAACG,25,ACTGAT,
B9,NightSmelt_LFS_Normalized_1,20-1325-17 ,LarvalLFS,ACGCTCGA,25,ACTGAT,
C9,NightSmelt_LFS_Normalized_1,20-1325-18 ,LarvalLFS,CACTTCGA,25,ACTGAT,
D9,NightSmelt_LFS_Normalized_1,20-1325-19 ,LarvalLFS,CTGGCATA,25,ACTGAT,
E9,NightSmelt_LFS_Normalized_1,20-1325-20 ,LarvalLFS,GTCGTAGA,25,ACTGAT,
F9,NightSmelt_LFS_Normalized_1,20-1329-1 ,LarvalLFS,ACACGAGA,25,ACTGAT,
G9,NightSmelt_LFS_Normalized_1,20-1329-2 ,LarvalLFS,ACGACAAG,25,ACTGAT,
H9,NightSmelt_LFS_Normalized_1,20-1329-3 ,LarvalLFS,GACAGTGC,25,ACTGAT,
A10,NightSmelt_LFS_Normalized_1,20-1329-4 ,LarvalLFS,AGTACAAG,25,ACTGAT,
B10,NightSmelt_LFS_Normalized_1,20-1329-5 ,LarvalLFS,ACGTATCA,25,ACTGAT,
C10,NightSmelt_LFS_Normalized_1,20-1329-6 ,LarvalLFS,CAGCGTTA,25,ACTGAT,Low DNA concentration
D10,NightSmelt_LFS_Normalized_1,20-1330-1 ,LarvalLFS,GAATCTGA,25,ACTGAT,Low DNA concentration
E10,NightSmelt_LFS_Normalized_1,20-1330-2  ,LarvalLFS,GTCTGTCA,25,ACTGAT,Low DNA concentration
F10,NightSmelt_LFS_Normalized_1,20-1330-3 ,LarvalLFS,AAGAGATC,25,ACTGAT,
G10,NightSmelt_LFS_Normalized_1,20-1373-1 ,LarvalLFS,ATTGGCTC,25,ACTGAT,
H10,NightSmelt_LFS_Normalized_1,20-1373-2 ,LarvalLFS,GAGTTAGC,25,ACTGAT,
A11,NightSmelt_LFS_Normalized_1,20-1373-3 ,LarvalLFS,CATCAAGT,25,ACTGAT,
B11,NightSmelt_LFS_Normalized_1,20-1373-4 ,LarvalLFS,ACTATGCA,25,ACTGAT,
C11,NightSmelt_LFS_Normalized_1,20-1373-5 ,LarvalLFS,CATACCAA,25,ACTGAT,
D11,NightSmelt_LFS_Normalized_1,20-1373-6 ,LarvalLFS,GACTAGTA,25,ACTGAT,
E11,NightSmelt_LFS_Normalized_1,20-1373-7 ,LarvalLFS,GTGTTCTA,25,ACTGAT,
F11,NightSmelt_LFS_Normalized_1,20-1373-8 ,LarvalLFS,AAGGACAC,25,ACTGAT,
G11,NightSmelt_LFS_Normalized_1,20-1373-9 ,LarvalLFS,CAAGGAGC,25,ACTGAT,
H11,NightSmelt_LFS_Normalized_1,20-1373-10 ,LarvalLFS,GATGAATC,25,ACTGAT,
A12,NightSmelt_LFS_Normalized_1,20-1373-11 ,LarvalLFS,AGTGGTCA,25,ACTGAT,
B12,NightSmelt_LFS_Normalized_1,20-1373-12 ,LarvalLFS,AGAGTCAA,25,ACTGAT,
C12,NightSmelt_LFS_Normalized_1,20-1373-13 ,LarvalLFS,CCAGTTCA,25,ACTGAT,
D12,NightSmelt_LFS_Normalized_1,20-1373-14 ,LarvalLFS,GAGCTGAA,25,ACTGAT,
E12,NightSmelt_LFS_Normalized_1,20-1373-15 ,LarvalLFS,TAGGATGA,25,ACTGAT,
F12,NightSmelt_LFS_Normalized_1,20-1373-16 ,LarvalLFS,AATCCGTC,25,ACTGAT,
G12,NightSmelt_LFS_Normalized_1,20-1373-17 ,LarvalLFS,CACCTTAC,25,ACTGAT,Low DNA concentration
H12,NightSmelt_LFS_Normalized_1,20-1373-18 ,LarvalLFS,GCCAAGAC,25,ACTGAT,
A1,Redband_NightSmelt_LFS_Normalized_2,Omy-224,Redband,ACAAGCTA,27,ATTCCT ,
B1,Redband_NightSmelt_LFS_Normalized_2,Omy-225,Redband,AACAACCA,27,ATTCCT ,
C1,Redband_NightSmelt_LFS_Normalized_2,Omy-227,Redband,AGATCGCA,27,ATTCCT ,
D1,Redband_NightSmelt_LFS_Normalized_2,Omy-236,Redband,CCGAAGTA,27,ATTCCT ,
E1,Redband_NightSmelt_LFS_Normalized_2,Omy-237,Redband,GATAGACA,27,ATTCCT ,
F1,Redband_NightSmelt_LFS_Normalized_2,Omy-238,Redband,TATCAGCA,27,ATTCCT ,Low DNA concentration
G1,Redband_NightSmelt_LFS_Normalized_2,Omy-239,Redband,AATGTTGC,27,ATTCCT ,
H1,Redband_NightSmelt_LFS_Normalized_2,Omy-240,Redband,CCATCCTC,27,ATTCCT ,
A2,Redband_NightSmelt_LFS_Normalized_2,Omy-241,Redband,AAACATCG,27,ATTCCT ,
C2,Redband_NightSmelt_LFS_Normalized_2,Omy-243,Redband,AGCAGGAA,27,ATTCCT ,
D2,Redband_NightSmelt_LFS_Normalized_2,Omy-244,Redband,CCGTGAGA,27,ATTCCT ,
E2,Redband_NightSmelt_LFS_Normalized_2,Omy-245,Redband,GCCACATA,27,ATTCCT ,
F2,Redband_NightSmelt_LFS_Normalized_2,Omy-246,Redband,TCCGTCTA,27,ATTCCT ,
G2,Redband_NightSmelt_LFS_Normalized_2,Omy-247,Redband,ACACTGAC,27,ATTCCT ,
H2,Redband_NightSmelt_LFS_Normalized_2,Omy-248,Redband,CCGACAAC,27,ATTCCT ,
A3,Redband_NightSmelt_LFS_Normalized_2,Omy-249,Redband,ACATTGGC,27,ATTCCT ,
B3,Redband_NightSmelt_LFS_Normalized_2,Omy-250,Redband,AACGCTTA,27,ATTCCT ,
C3,Redband_NightSmelt_LFS_Normalized_2,Omy-251,Redband,AGTCACTA,27,ATTCCT ,
D3,Redband_NightSmelt_LFS_Normalized_2,Omy-252,Redband,CCTCCTGA,27,ATTCCT ,
E3,Redband_NightSmelt_LFS_Normalized_2,Omy-253,Redband,GCGAGTAA,27,ATTCCT ,
F3,Redband_NightSmelt_LFS_Normalized_2,Omy-254,Redband,TCTTCACA,27,ATTCCT ,
G3,Redband_NightSmelt_LFS_Normalized_2,Omy-255,Redband,ACAGATTC,27,ATTCCT ,
H3,Redband_NightSmelt_LFS_Normalized_2,Omy-256,Redband,AGTCAAGC,27,ATTCCT ,
A4,Redband_NightSmelt_LFS_Normalized_2,Omy-257,Redband,ACCACTGT,27,ATTCCT ,
B4,Redband_NightSmelt_LFS_Normalized_2,Omy-258,Redband,AAGACGGA,27,ATTCCT ,
C4,Redband_NightSmelt_LFS_Normalized_2,Omy-259,Redband,ATCCTGTA,27,ATTCCT ,
D4,Redband_NightSmelt_LFS_Normalized_2,Omy-260,Redband,CGAACTTA,27,ATTCCT ,
E4,Redband_NightSmelt_LFS_Normalized_2,Omy-261,Redband,GCTAACGA,27,ATTCCT ,Low DNA concentration
F4,Redband_NightSmelt_LFS_Normalized_2,Omy-262,Redband,TGAAGAGA,27,ATTCCT ,
G4,Redband_NightSmelt_LFS_Normalized_2,Omy-263,Redband,AGATGTAC,27,ATTCCT ,
H4,Redband_NightSmelt_LFS_Normalized_2,Omy-265,Redband,CCTCTATC,27,ATTCCT ,
A5,Redband_NightSmelt_LFS_Normalized_2,Omy-266,Redband,AACGTGAT,27,ATTCCT ,
B5,Redband_NightSmelt_LFS_Normalized_2,Omy-269,Redband,AAGGTACA,27,ATTCCT ,
C5,Redband_NightSmelt_LFS_Normalized_2,Omy-270,Redband,ATTGAGGA,27,ATTCCT ,
D5,Redband_NightSmelt_LFS_Normalized_2,Omy-271,Redband,CGACTGGA,27,ATTCCT ,
E5,Redband_NightSmelt_LFS_Normalized_2,Omy-272,Redband,GCTCGGTA,27,ATTCCT ,
F5,Redband_NightSmelt_LFS_Normalized_2,Omy-273,Redband,TGGAACAA,27,ATTCCT ,
G5,Redband_NightSmelt_LFS_Normalized_2,Omy-274,Redband,AGCACCTC,27,ATTCCT ,
H5,Redband_NightSmelt_LFS_Normalized_2,Omy-275,Redband,CGACACAC,27,ATTCCT ,
B7,Redband_NightSmelt_LFS_Normalized_2,20-1373-20,LarvalLFS,ACAGCAGA,27,ATTCCT ,
C7,Redband_NightSmelt_LFS_Normalized_2,20-1375-1 ,LarvalLFS,CAAGACTA,27,ATTCCT ,
D7,Redband_NightSmelt_LFS_Normalized_2,20-1375-2 ,LarvalLFS,CTCAATGA,27,ATTCCT ,
E7,Redband_NightSmelt_LFS_Normalized_2,20-1375-3 ,LarvalLFS,GGTGCGAA,27,ATTCCT ,
F7,Redband_NightSmelt_LFS_Normalized_2,20-1375-4 ,LarvalLFS,TGGTGGTA,27,ATTCCT ,
G7,Redband_NightSmelt_LFS_Normalized_2,20-1375-5 ,LarvalLFS,AGGCTAAC,27,ATTCCT ,
H7,Redband_NightSmelt_LFS_Normalized_2,20-1375-6 ,LarvalLFS,CTAAGGTC,27,ATTCCT ,
A8,Redband_NightSmelt_LFS_Normalized_2,20-1375-7 ,LarvalLFS,ATGCCTAA,27,ATTCCT ,
B8,Redband_NightSmelt_LFS_Normalized_2,20-1375-8 ,LarvalLFS,ACCTCCAA,27,ATTCCT ,
C8,Redband_NightSmelt_LFS_Normalized_2,20-1375-9 ,LarvalLFS,CAATGGAA,27,ATTCCT ,
D8,Redband_NightSmelt_LFS_Normalized_2,20-1375-10 ,LarvalLFS,CTGAGCCA,27,ATTCCT ,
E8,Redband_NightSmelt_LFS_Normalized_2,20-1375-11 ,LarvalLFS,GTACGCAA,27,ATTCCT ,
F8,Redband_NightSmelt_LFS_Normalized_2,20-1375-12 ,LarvalLFS,TTCACGCA,27,ATTCCT ,
G8,Redband_NightSmelt_LFS_Normalized_2,20-1375-13 ,LarvalLFS,ATAGCGAC,27,ATTCCT ,
H8,Redband_NightSmelt_LFS_Normalized_2,20-1375-14 ,LarvalLFS,GAACAGGC,27,ATTCCT ,
A9,Redband_NightSmelt_LFS_Normalized_2,20-1375-15 ,LarvalLFS,AACGAACG,27,ATTCCT ,
B9,Redband_NightSmelt_LFS_Normalized_2,20-1375-16 ,LarvalLFS,ACGCTCGA,27,ATTCCT ,
C9,Redband_NightSmelt_LFS_Normalized_2,20-1375-17 ,LarvalLFS,CACTTCGA,27,ATTCCT ,
D9,Redband_NightSmelt_LFS_Normalized_2,20-1375-18 ,LarvalLFS,CTGGCATA,27,ATTCCT ,
E9,Redband_NightSmelt_LFS_Normalized_2,20-1375-19 ,LarvalLFS,GTCGTAGA,27,ATTCCT ,
F9,Redband_NightSmelt_LFS_Normalized_2,20-1375-20 ,LarvalLFS,ACACGAGA,27,ATTCCT ,
A1,Redband_Normalized_1,Omy-001,Redband,ACAAGCTA,22,CGTACG ,
B1,Redband_Normalized_1,Omy-002,Redband,AACAACCA,22,CGTACG ,
C1,Redband_Normalized_1,Omy-003,Redband,AGATCGCA,22,CGTACG ,
D1,Redband_Normalized_1,Omy-004,Redband,CCGAAGTA,22,CGTACG ,
E1,Redband_Normalized_1,Omy-006,Redband,GATAGACA,22,CGTACG ,
F1,Redband_Normalized_1,Omy-008,Redband,TATCAGCA,22,CGTACG ,
G1,Redband_Normalized_1,Omy-009,Redband,AATGTTGC,22,CGTACG ,
H1,Redband_Normalized_1,Omy-010,Redband,CCATCCTC,22,CGTACG ,
A2,Redband_Normalized_1,Omy-012,Redband,AAACATCG,22,CGTACG ,
B2,Redband_Normalized_1,Omy-013,Redband,AACCGAGA,22,CGTACG ,
C2,Redband_Normalized_1,Omy-014,Redband,AGCAGGAA,22,CGTACG ,
D2,Redband_Normalized_1,Omy-015,Redband,CCGTGAGA,22,CGTACG ,
E2,Redband_Normalized_1,Omy-016,Redband,GCCACATA,22,CGTACG ,
F2,Redband_Normalized_1,Omy-017,Redband,TCCGTCTA,22,CGTACG ,
G2,Redband_Normalized_1,Omy-018,Redband,ACACTGAC,22,CGTACG ,
H2,Redband_Normalized_1,Omy-019,Redband,CCGACAAC,22,CGTACG ,
A3,Redband_Normalized_1,Omy-011,Redband,ACATTGGC,22,CGTACG ,
B3,Redband_Normalized_1,Omy-020,Redband,AACGCTTA,22,CGTACG ,
C3,Redband_Normalized_1,Omy-021,Redband,AGTCACTA,22,CGTACG ,
D3,Redband_Normalized_1,Omy-022,Redband,CCTCCTGA,22,CGTACG ,
E3,Redband_Normalized_1,Omy-023,Redband,GCGAGTAA,22,CGTACG ,
F3,Redband_Normalized_1,Omy-024,Redband,TCTTCACA,22,CGTACG ,
G3,Redband_Normalized_1,Omy-025,Redband,ACAGATTC,22,CGTACG ,
H3,Redband_Normalized_1,Omy-026,Redband,AGTCAAGC,22,CGTACG ,
A4,Redband_Normalized_1,Omy-027,Redband,ACCACTGT,22,CGTACG ,
B4,Redband_Normalized_1,Omy-028,Redband,AAGACGGA,22,CGTACG ,
C4,Redband_Normalized_1,Omy-029,Redband,ATCCTGTA,22,CGTACG ,
D4,Redband_Normalized_1,Omy-030,Redband,CGAACTTA,22,CGTACG ,
E4,Redband_Normalized_1,Omy-031,Redband,GCTAACGA,22,CGTACG ,
F4,Redband_Normalized_1,Omy-032,Redband,TGAAGAGA,22,CGTACG ,
G4,Redband_Normalized_1,Omy-033,Redband,AGATGTAC,22,CGTACG ,
H4,Redband_Normalized_1,Omy-034,Redband,CCTCTATC,22,CGTACG ,
A5,Redband_Normalized_1,Omy-035,Redband,AACGTGAT,22,CGTACG ,
B5,Redband_Normalized_1,Omy-036,Redband,AAGGTACA,22,CGTACG ,
C5,Redband_Normalized_1,Omy-037,Redband,ATTGAGGA,22,CGTACG ,
D5,Redband_Normalized_1,Omy-038,Redband,CGACTGGA,22,CGTACG ,
E5,Redband_Normalized_1,Omy-039,Redband,GCTCGGTA,22,CGTACG ,
F5,Redband_Normalized_1,Omy-040,Redband,TGGAACAA,22,CGTACG ,
G5,Redband_Normalized_1,Omy-041,Redband,AGCACCTC,22,CGTACG ,
H5,Redband_Normalized_1,Omy-042,Redband,CGACACAC,22,CGTACG ,
A6,Redband_Normalized_1,Omy-043,Redband,CGCTGATC,22,CGTACG ,
B6,Redband_Normalized_1,Omy-044,Redband,ACACAGAA,22,CGTACG ,
C6,Redband_Normalized_1,Omy-045,Redband,CAACCACA,22,CGTACG ,
D6,Redband_Normalized_1,Omy-046,Redband,CGCATACA,22,CGTACG ,
E6,Redband_Normalized_1,Omy-047,Redband,GGAGAACA,22,CGTACG ,
F6,Redband_Normalized_1,Omy-048,Redband,TGGCTTCA,22,CGTACG ,
G6,Redband_Normalized_1,Omy-049,Redband,AGCCATGC,22,CGTACG ,
H6,Redband_Normalized_1,Omy-050,Redband,CGGATTGC,22,CGTACG ,
A7,Redband_Normalized_1,Omy-051,Redband,CAGATCTG,22,CGTACG ,
B7,Redband_Normalized_1,Omy-052,Redband,ACAGCAGA,22,CGTACG ,
C7,Redband_Normalized_1,Omy-053,Redband,CAAGACTA,22,CGTACG ,
D7,Redband_Normalized_1,Omy-054,Redband,CTCAATGA,22,CGTACG ,
E7,Redband_Normalized_1,Omy-055,Redband,GGTGCGAA,22,CGTACG ,
F7,Redband_Normalized_1,Omy-056,Redband,TGGTGGTA,22,CGTACG ,
G7,Redband_Normalized_1,Omy-057,Redband,AGGCTAAC,22,CGTACG ,
H7,Redband_Normalized_1,Omy-058,Redband,CTAAGGTC,22,CGTACG ,
A8,Redband_Normalized_1,Omy-059,Redband,ATGCCTAA,22,CGTACG ,
B8,Redband_Normalized_1,Omy-060,Redband,ACCTCCAA,22,CGTACG ,
C8,Redband_Normalized_1,Omy-061,Redband,CAATGGAA,22,CGTACG ,
D8,Redband_Normalized_1,Omy-062,Redband,CTGAGCCA,22,CGTACG ,
E8,Redband_Normalized_1,Omy-063,Redband,GTACGCAA,22,CGTACG ,
F8,Redband_Normalized_1,Omy-064,Redband,TTCACGCA,22,CGTACG ,
G8,Redband_Normalized_1,Omy-065,Redband,ATAGCGAC,22,CGTACG ,
H8,Redband_Normalized_1,Omy-066,Redband,GAACAGGC,22,CGTACG ,
A9,Redband_Normalized_1,Omy-067,Redband,AACGAACG,22,CGTACG ,
B9,Redband_Normalized_1,Omy-068,Redband,ACGCTCGA,22,CGTACG ,
C9,Redband_Normalized_1,Omy-069,Redband,CACTTCGA,22,CGTACG ,
D9,Redband_Normalized_1,Omy-070,Redband,CTGGCATA,22,CGTACG ,
E9,Redband_Normalized_1,Omy-071,Redband,GTCGTAGA,22,CGTACG ,
F9,Redband_Normalized_1,Omy-072,Redband,ACACGAGA,22,CGTACG ,
G9,Redband_Normalized_1,Omy-073,Redband,ACGACAAG,22,CGTACG ,
H9,Redband_Normalized_1,Omy-074,Redband,GACAGTGC,22,CGTACG ,
A10,Redband_Normalized_1,Omy-075,Redband,AGTACAAG,22,CGTACG ,
B10,Redband_Normalized_1,Omy-076,Redband,ACGTATCA,22,CGTACG ,
C10,Redband_Normalized_1,Omy-077,Redband,CAGCGTTA,22,CGTACG ,
D10,Redband_Normalized_1,Omy-078,Redband,GAATCTGA,22,CGTACG ,
E10,Redband_Normalized_1,Omy-079,Redband,GTCTGTCA,22,CGTACG ,
F10,Redband_Normalized_1,Omy-080,Redband,AAGAGATC,22,CGTACG ,
G10,Redband_Normalized_1,Omy-081,Redband,ATTGGCTC,22,CGTACG ,
H10,Redband_Normalized_1,Omy-082,Redband,GAGTTAGC,22,CGTACG ,
A11,Redband_Normalized_1,Omy-083,Redband,CATCAAGT,22,CGTACG ,
B11,Redband_Normalized_1,Omy-084,Redband,ACTATGCA,22,CGTACG ,
C11,Redband_Normalized_1,Omy-085,Redband,CATACCAA,22,CGTACG ,
D11,Redband_Normalized_1,Omy-086,Redband,GACTAGTA,22,CGTACG ,
E11,Redband_Normalized_1,Omy-087,Redband,GTGTTCTA,22,CGTACG ,
F11,Redband_Normalized_1,Omy-088,Redband,AAGGACAC,22,CGTACG ,
G11,Redband_Normalized_1,Omy-089,Redband,CAAGGAGC,22,CGTACG ,
H11,Redband_Normalized_1,Omy-090,Redband,GATGAATC,22,CGTACG ,
A12,Redband_Normalized_1,Omy-091,Redband,AGTGGTCA,22,CGTACG ,
B12,Redband_Normalized_1,Omy-092,Redband,AGAGTCAA,22,CGTACG ,
C12,Redband_Normalized_1,Omy-093,Redband,CCAGTTCA,22,CGTACG ,
D12,Redband_Normalized_1,Omy-094,Redband,GAGCTGAA,22,CGTACG ,
E12,Redband_Normalized_1,Omy-095,Redband,TAGGATGA,22,CGTACG ,
F12,Redband_Normalized_1,Omy-096,Redband,AATCCGTC,22,CGTACG ,
G12,Redband_Normalized_1,Omy-097,Redband,CACCTTAC,22,CGTACG ,
H12,Redband_Normalized_1,Omy-098,Redband,GCCAAGAC,22,CGTACG ,
A1,Redband_Normalized_2,Omy-099,Redband,ACAAGCTA,23,GAGTGG ,
B1,Redband_Normalized_2,Omy-100,Redband,AACAACCA,23,GAGTGG ,
C1,Redband_Normalized_2,Omy-101,Redband,AGATCGCA,23,GAGTGG ,
D1,Redband_Normalized_2,Omy-102,Redband,CCGAAGTA,23,GAGTGG ,
E1,Redband_Normalized_2,Omy-103,Redband,GATAGACA,23,GAGTGG ,
F1,Redband_Normalized_2,Omy-104,Redband,TATCAGCA,23,GAGTGG ,
G1,Redband_Normalized_2,Omy-105,Redband,AATGTTGC,23,GAGTGG ,
H1,Redband_Normalized_2,Omy-106,Redband,CCATCCTC,23,GAGTGG ,
A2,Redband_Normalized_2,Omy-107,Redband,AAACATCG,23,GAGTGG ,
B2,Redband_Normalized_2,Omy-108,Redband,AACCGAGA,23,GAGTGG ,
C2,Redband_Normalized_2,Omy-109,Redband,AGCAGGAA,23,GAGTGG ,
D2,Redband_Normalized_2,Omy-110,Redband,CCGTGAGA,23,GAGTGG ,
E2,Redband_Normalized_2,Omy-111,Redband,GCCACATA,23,GAGTGG ,
F2,Redband_Normalized_2,Omy-112,Redband,TCCGTCTA,23,GAGTGG ,
G2,Redband_Normalized_2,Omy-113,Redband,ACACTGAC,23,GAGTGG ,
H2,Redband_Normalized_2,Omy-114,Redband,CCGACAAC,23,GAGTGG ,
A3,Redband_Normalized_2,Omy-115,Redband,ACATTGGC,23,GAGTGG ,
B3,Redband_Normalized_2,Omy-116,Redband,AACGCTTA,23,GAGTGG ,
C3,Redband_Normalized_2,Omy-117,Redband,AGTCACTA,23,GAGTGG ,
D3,Redband_Normalized_2,Omy-118,Redband,CCTCCTGA,23,GAGTGG ,
E3,Redband_Normalized_2,Omy-119,Redband,GCGAGTAA,23,GAGTGG ,
F3,Redband_Normalized_2,Omy-120,Redband,TCTTCACA,23,GAGTGG ,
G3,Redband_Normalized_2,Omy-121,Redband,ACAGATTC,23,GAGTGG ,
H3,Redband_Normalized_2,Omy-122,Redband,AGTCAAGC,23,GAGTGG ,
A4,Redband_Normalized_2,Omy-123,Redband,ACCACTGT,23,GAGTGG ,
B4,Redband_Normalized_2,Omy-124,Redband,AAGACGGA,23,GAGTGG ,
C4,Redband_Normalized_2,Omy-125,Redband,ATCCTGTA,23,GAGTGG ,
D4,Redband_Normalized_2,Omy-126,Redband,CGAACTTA,23,GAGTGG ,
E4,Redband_Normalized_2,Omy-127,Redband,GCTAACGA,23,GAGTGG ,
F4,Redband_Normalized_2,Omy-128,Redband,TGAAGAGA,23,GAGTGG ,
G4,Redband_Normalized_2,Omy-129,Redband,AGATGTAC,23,GAGTGG ,
H4,Redband_Normalized_2,Omy-130,Redband,CCTCTATC,23,GAGTGG ,
A5,Redband_Normalized_2,Omy-133,Redband,AACGTGAT,23,GAGTGG ,
B5,Redband_Normalized_2,Omy-136,Redband,AAGGTACA,23,GAGTGG ,
C5,Redband_Normalized_2,Omy-138,Redband,ATTGAGGA,23,GAGTGG ,
D5,Redband_Normalized_2,Omy-139,Redband,CGACTGGA,23,GAGTGG ,
E5,Redband_Normalized_2,Omy-140,Redband,GCTCGGTA,23,GAGTGG ,
F5,Redband_Normalized_2,Omy-141,Redband,TGGAACAA,23,GAGTGG ,
G5,Redband_Normalized_2,Omy-142,Redband,AGCACCTC,23,GAGTGG ,
H5,Redband_Normalized_2,Omy-151,Redband,CGACACAC,23,GAGTGG ,
A6,Redband_Normalized_2,Omy-152,Redband,CGCTGATC,23,GAGTGG ,
B6,Redband_Normalized_2,Omy-153,Redband,ACACAGAA,23,GAGTGG ,
C6,Redband_Normalized_2,Omy-154,Redband,CAACCACA,23,GAGTGG ,
D6,Redband_Normalized_2,Omy-155,Redband,CGCATACA,23,GAGTGG ,
E6,Redband_Normalized_2,Omy-156,Redband,GGAGAACA,23,GAGTGG ,
F6,Redband_Normalized_2,Omy-157,Redband,TGGCTTCA,23,GAGTGG ,
G6,Redband_Normalized_2,Omy-158,Redband,AGCCATGC,23,GAGTGG ,
H6,Redband_Normalized_2,Omy-159,Redband,CGGATTGC,23,GAGTGG ,
A7,Redband_Normalized_2,Omy-160,Redband,CAGATCTG,23,GAGTGG ,
B7,Redband_Normalized_2,Omy-161,Redband,ACAGCAGA,23,GAGTGG ,
C7,Redband_Normalized_2,Omy-162,Redband,CAAGACTA,23,GAGTGG ,
D7,Redband_Normalized_2,Omy-163,Redband,CTCAATGA,23,GAGTGG ,
E7,Redband_Normalized_2,Omy-164,Redband,GGTGCGAA,23,GAGTGG ,
F7,Redband_Normalized_2,Omy-165,Redband,TGGTGGTA,23,GAGTGG ,
G7,Redband_Normalized_2,Omy-166,Redband,AGGCTAAC,23,GAGTGG ,
H7,Redband_Normalized_2,Omy-167,Redband,CTAAGGTC,23,GAGTGG ,
A8,Redband_Normalized_2,Omy-168,Redband,ATGCCTAA,23,GAGTGG ,
B8,Redband_Normalized_2,Omy-169,Redband,ACCTCCAA,23,GAGTGG ,
C8,Redband_Normalized_2,Omy-170,Redband,CAATGGAA,23,GAGTGG ,
D8,Redband_Normalized_2,Omy-171,Redband,CTGAGCCA,23,GAGTGG ,
E8,Redband_Normalized_2,Omy-172,Redband,GTACGCAA,23,GAGTGG ,
F8,Redband_Normalized_2,Omy-173,Redband,TTCACGCA,23,GAGTGG ,
G8,Redband_Normalized_2,Omy-174,Redband,ATAGCGAC,23,GAGTGG ,
H8,Redband_Normalized_2,Omy-175,Redband,GAACAGGC,23,GAGTGG ,
A9,Redband_Normalized_2,Omy-176,Redband,AACGAACG,23,GAGTGG ,
B9,Redband_Normalized_2,Omy-177,Redband,ACGCTCGA,23,GAGTGG ,
C9,Redband_Normalized_2,Omy-181,Redband,CACTTCGA,23,GAGTGG ,
D9,Redband_Normalized_2,Omy-182,Redband,CTGGCATA,23,GAGTGG ,
E9,Redband_Normalized_2,Omy-186,Redband,GTCGTAGA,23,GAGTGG ,
F9,Redband_Normalized_2,Omy-189,Redband,ACACGAGA,23,GAGTGG ,
G9,Redband_Normalized_2,Omy-191,Redband,ACGACAAG,23,GAGTGG ,
H9,Redband_Normalized_2,Omy-198,Redband,GACAGTGC,23,GAGTGG ,
A10,Redband_Normalized_2,Omy-200,Redband,AGTACAAG,23,GAGTGG ,
B10,Redband_Normalized_2,Omy-201,Redband,ACGTATCA,23,GAGTGG ,
C10,Redband_Normalized_2,Omy-202,Redband,CAGCGTTA,23,GAGTGG ,
D10,Redband_Normalized_2,Omy-203,Redband,GAATCTGA,23,GAGTGG ,
E10,Redband_Normalized_2,Omy-204,Redband,GTCTGTCA,23,GAGTGG ,
F10,Redband_Normalized_2,Omy-205,Redband,AAGAGATC,23,GAGTGG ,
G10,Redband_Normalized_2,Omy-206,Redband,ATTGGCTC,23,GAGTGG ,
H10,Redband_Normalized_2,Omy-207,Redband,GAGTTAGC,23,GAGTGG ,
A11,Redband_Normalized_2,Omy-208,Redband,CATCAAGT,23,GAGTGG ,
B11,Redband_Normalized_2,Omy-209,Redband,ACTATGCA,23,GAGTGG ,
C11,Redband_Normalized_2,Omy-210,Redband,CATACCAA,23,GAGTGG ,
D11,Redband_Normalized_2,Omy-211,Redband,GACTAGTA,23,GAGTGG ,
E11,Redband_Normalized_2,Omy-212,Redband,GTGTTCTA,23,GAGTGG ,
F11,Redband_Normalized_2,Omy-213,Redband,AAGGACAC,23,GAGTGG ,
G11,Redband_Normalized_2,Omy-214,Redband,CAAGGAGC,23,GAGTGG ,
H11,Redband_Normalized_2,Omy-215,Redband,GATGAATC,23,GAGTGG ,
A12,Redband_Normalized_2,Omy-216,Redband,AGTGGTCA,23,GAGTGG ,
B12,Redband_Normalized_2,Omy-217,Redband,AGAGTCAA,23,GAGTGG ,
C12,Redband_Normalized_2,Omy-218,Redband,CCAGTTCA,23,GAGTGG ,
D12,Redband_Normalized_2,Omy-219,Redband,GAGCTGAA,23,GAGTGG ,
E12,Redband_Normalized_2,Omy-220,Redband,TAGGATGA,23,GAGTGG ,
F12,Redband_Normalized_2,Omy-221,Redband,AATCCGTC,23,GAGTGG ,
G12,Redband_Normalized_2,Omy-222,Redband,CACCTTAC,23,GAGTGG ,
H12,Redband_Normalized_2,Omy-223,Redband,GCCAAGAC,23,GAGTGG ,